seed,fixed_interval,strategy,total_cycles,scrub_cycles,reads,writes,corrected,uncorrectable_detections,unique_uncorrectable_words,interval_switches,memory_busy_cycles,busy_percent
1,5,fixed,50000,706,11308,530,530,567,3,0,11838,23.600000
1,,table,50000,242,3872,431,431,614,7,1295,4303,8.600000
1,,threshold,50000,330,5289,481,481,517,4,776,5770,11.500000
1,10,fixed,50000,659,10555,523,523,585,4,0,11078,22.100000
1,15,fixed,50000,618,9891,533,533,467,4,0,10424,20.800000
1,20,fixed,50000,582,9312,518,518,492,2,0,9830,19.600000
1,25,fixed,50000,550,8800,492,492,722,4,0,9292,18.500000
1,30,fixed,50000,521,8336,496,496,601,4,0,8832,17.600000
1,40,fixed,50000,471,7536,506,506,459,4,0,8042,16.000000
1,60,fixed,50000,396,6336,476,476,828,4,0,6812,13.600000
1,80,fixed,50000,341,5458,467,467,749,4,0,5925,11.800000
1,100,fixed,50000,300,4800,448,448,710,4,0,5248,10.400000
1,150,fixed,50000,230,3680,437,437,570,3,0,4117,8.200000
1,200,fixed,50000,187,2992,395,395,571,4,0,3387,6.700000
1,240,fixed,50000,162,2592,355,355,646,5,0,2947,5.800000
2,5,fixed,50000,706,11308,527,527,333,5,0,11835,23.600000
2,,table,50000,243,3888,415,415,650,6,1295,4303,8.600000
2,,threshold,50000,329,5273,454,454,621,6,776,5727,11.400000
2,10,fixed,50000,659,10559,507,507,604,5,0,11066,22.100000
2,15,fixed,50000,618,9897,511,511,638,6,0,10408,20.800000
2,20,fixed,50000,582,9312,521,521,423,5,0,9833,19.600000
2,25,fixed,50000,549,8800,503,503,500,5,0,9303,18.600000
2,30,fixed,50000,521,8336,478,478,906,5,0,8814,17.600000
2,40,fixed,50000,471,7541,486,486,599,4,0,8027,16.000000
2,60,fixed,50000,396,6336,454,454,860,3,0,6790,13.500000
2,80,fixed,50000,341,5458,470,470,468,5,0,5928,11.800000
2,100,fixed,50000,300,4800,429,429,589,6,0,5229,10.400000
2,150,fixed,50000,230,3682,393,393,727,7,0,4075,8.100000
2,200,fixed,50000,187,2992,367,367,726,7,0,3359,6.700000
2,240,fixed,50000,162,2592,365,365,580,5,0,2957,5.900000
3,5,fixed,50000,707,11312,505,505,1236,5,0,11817,23.600000
3,,table,50000,242,3872,432,432,765,6,1295,4304,8.600000
3,,threshold,50000,330,5280,450,450,892,3,776,5730,11.400000
3,10,fixed,50000,659,10556,518,518,1091,5,0,11074,22.100000
3,15,fixed,50000,618,9899,501,501,944,3,0,10400,20.800000
3,20,fixed,50000,582,9312,520,520,572,3,0,9832,19.600000
3,25,fixed,50000,549,8800,504,504,972,5,0,9304,18.600000
3,30,fixed,50000,521,8336,488,488,1134,3,0,8824,17.600000
3,40,fixed,50000,471,7541,485,485,905,5,0,8026,16.000000
3,60,fixed,50000,396,6336,474,474,906,4,0,6810,13.600000
3,80,fixed,50000,341,5464,445,445,1019,5,0,5909,11.800000
3,100,fixed,50000,300,4800,438,438,889,4,0,5238,10.400000
3,150,fixed,50000,230,3681,398,398,780,4,0,4079,8.100000
3,200,fixed,50000,187,2992,383,383,767,5,0,3375,6.700000
3,240,fixed,50000,162,2592,359,359,673,6,0,2951,5.900000
4,5,fixed,50000,706,11308,527,527,576,3,0,11835,23.600000
4,,table,50000,241,3856,437,437,656,8,1295,4293,8.500000
4,,threshold,50000,328,5248,482,482,574,4,776,5730,11.400000
4,10,fixed,50000,659,10556,519,519,644,4,0,11075,22.100000
4,15,fixed,50000,618,9893,525,525,508,3,0,10418,20.800000
4,20,fixed,50000,582,9312,520,520,618,3,0,9832,19.600000
4,25,fixed,50000,549,8799,507,507,653,4,0,9306,18.600000
4,30,fixed,50000,521,8336,489,489,992,3,0,8825,17.600000
4,40,fixed,50000,471,7539,493,493,618,3,0,8032,16.000000
4,60,fixed,50000,396,6336,465,465,908,3,0,6801,13.600000
4,80,fixed,50000,341,5462,452,452,822,4,0,5914,11.800000
4,100,fixed,50000,300,4800,452,452,684,4,0,5252,10.500000
4,150,fixed,50000,230,3680,406,406,726,4,0,4086,8.100000
4,200,fixed,50000,187,2992,369,369,773,5,0,3361,6.700000
4,240,fixed,50000,162,2596,337,337,673,5,0,2933,5.800000
5,5,fixed,50000,707,11314,500,500,710,5,0,11814,23.600000
5,,table,50000,241,3856,449,449,523,5,1295,4305,8.600000
5,,threshold,50000,330,5292,460,460,682,6,776,5752,11.500000
5,10,fixed,50000,659,10559,507,507,597,6,0,11066,22.100000
5,15,fixed,50000,618,9897,511,511,585,4,0,10408,20.800000
5,20,fixed,50000,582,9314,504,504,693,5,0,9818,19.600000
5,25,fixed,50000,550,8800,499,499,593,7,0,9299,18.500000
5,30,fixed,50000,521,8336,491,491,569,6,0,8827,17.600000
5,40,fixed,50000,471,7543,477,477,758,6,0,8020,16.000000
5,60,fixed,50000,396,6336,483,483,555,6,0,6819,13.600000
5,80,fixed,50000,341,5457,471,471,505,6,0,5928,11.800000
5,100,fixed,50000,300,4800,442,442,546,5,0,5242,10.400000
5,150,fixed,50000,230,3685,383,383,816,7,0,4068,8.100000
5,200,fixed,50000,187,2992,364,364,695,6,0,3356,6.700000
5,240,fixed,50000,162,2593,349,349,665,7,0,2942,5.800000
6,5,fixed,50000,706,11310,522,522,1096,7,0,11832,23.600000
6,,table,50000,240,3840,395,395,898,11,1295,4235,8.400000
6,,threshold,50000,329,5275,471,471,741,8,776,5746,11.400000
6,10,fixed,50000,659,10559,508,508,1241,7,0,11067,22.100000
6,15,fixed,50000,618,9901,494,494,883,7,0,10395,20.700000
6,20,fixed,50000,582,9312,515,515,754,7,0,9827,19.600000
6,25,fixed,50000,549,8796,518,518,482,9,0,9314,18.600000
6,30,fixed,50000,521,8337,474,474,1269,9,0,8811,17.600000
6,40,fixed,50000,471,7542,483,483,820,8,0,8025,16.000000
6,60,fixed,50000,396,6336,474,474,855,8,0,6810,13.600000
6,80,fixed,50000,341,5460,462,462,849,8,0,5922,11.800000
6,100,fixed,50000,300,4800,410,410,1046,8,0,5210,10.400000
6,150,fixed,50000,230,3684,385,385,788,8,0,4069,8.100000
6,200,fixed,50000,187,2992,354,354,776,11,0,3346,6.600000
6,240,fixed,50000,162,2603,306,306,861,9,0,2909,5.800000
7,5,fixed,50000,706,11308,528,528,952,0,0,11836,23.600000
7,,table,50000,242,3872,423,423,707,3,1295,4295,8.500000
7,,threshold,50000,331,5296,480,480,737,2,776,5776,11.500000
7,10,fixed,50000,659,10555,523,523,844,1,0,11078,22.100000
7,15,fixed,50000,618,9893,527,527,776,1,0,10420,20.800000
7,20,fixed,50000,582,9314,504,504,897,1,0,9818,19.600000
7,25,fixed,50000,549,8799,508,508,883,1,0,9307,18.600000
7,30,fixed,50000,521,8336,499,499,876,1,0,8835,17.600000
7,40,fixed,50000,471,7539,495,495,887,0,0,8034,16.000000
7,60,fixed,50000,395,6335,507,507,560,0,0,6842,13.600000
7,80,fixed,50000,341,5462,452,452,935,1,0,5914,11.800000
7,100,fixed,50000,300,4800,447,447,771,1,0,5247,10.400000
7,150,fixed,50000,230,3683,389,389,840,3,0,4072,8.100000
7,200,fixed,50000,187,2992,386,386,728,0,0,3378,6.700000
7,240,fixed,50000,162,2592,350,350,760,2,0,2942,5.800000
8,5,fixed,50000,706,11306,535,535,579,2,0,11841,23.600000
8,,table,50000,241,3856,439,439,569,5,1295,4295,8.500000
8,,threshold,50000,329,5264,474,474,635,1,776,5738,11.400000
8,10,fixed,50000,659,10557,515,515,668,3,0,11072,22.100000
8,15,fixed,50000,618,9897,510,510,445,3,0,10407,20.800000
8,20,fixed,50000,582,9312,519,519,612,3,0,9831,19.600000
8,25,fixed,50000,550,8800,486,486,696,4,0,9286,18.500000
8,30,fixed,50000,520,8332,525,525,542,1,0,8857,17.700000
8,40,fixed,50000,471,7537,504,504,439,2,0,8041,16.000000
8,60,fixed,50000,396,6336,481,481,597,4,0,6817,13.600000
8,80,fixed,50000,341,5460,459,459,597,4,0,5919,11.800000
8,100,fixed,50000,300,4800,431,431,828,4,0,5231,10.400000
8,150,fixed,50000,230,3680,403,403,746,3,0,4083,8.100000
8,200,fixed,50000,187,2992,357,357,740,4,0,3349,6.600000
8,240,fixed,50000,162,2593,348,348,584,4,0,2941,5.800000
9,5,fixed,50000,707,11313,503,503,990,2,0,11816,23.600000
9,,table,50000,242,3872,416,416,630,5,1295,4288,8.500000
9,,threshold,50000,331,5307,443,443,837,3,776,5750,11.500000
9,10,fixed,50000,659,10559,507,507,777,2,0,11066,22.100000
9,15,fixed,50000,618,9903,487,487,851,2,0,10390,20.700000
9,20,fixed,50000,582,9316,494,494,843,1,0,9810,19.600000
9,25,fixed,50000,550,8800,481,481,893,3,0,9281,18.500000
9,30,fixed,50000,521,8336,480,480,822,4,0,8816,17.600000
9,40,fixed,50000,471,7539,493,493,495,2,0,8032,16.000000
9,60,fixed,50000,396,6336,459,459,753,2,0,6795,13.500000
9,80,fixed,50000,341,5463,449,449,620,2,0,5912,11.800000
9,100,fixed,50000,300,4800,445,445,582,4,0,5245,10.400000
9,150,fixed,50000,230,3680,401,401,689,5,0,4081,8.100000
9,200,fixed,50000,187,2992,362,362,659,5,0,3354,6.700000
9,240,fixed,50000,162,2592,357,357,680,3,0,2949,5.800000
10,5,fixed,50000,706,11312,512,512,675,4,0,11824,23.600000
10,,table,50000,241,3856,428,428,654,5,1295,4284,8.500000
10,,threshold,50000,330,5281,476,476,507,4,776,5757,11.500000
10,10,fixed,50000,659,10558,512,512,675,4,0,11070,22.100000
10,15,fixed,50000,618,9897,509,509,670,5,0,10406,20.800000
10,20,fixed,50000,582,9312,511,511,729,5,0,9823,19.600000
10,25,fixed,50000,549,8799,506,506,650,4,0,9305,18.600000
10,30,fixed,50000,521,8336,502,502,563,5,0,8838,17.600000
10,40,fixed,50000,471,7542,484,484,779,3,0,8026,16.000000
10,60,fixed,50000,396,6336,477,477,625,5,0,6813,13.600000
10,80,fixed,50000,341,5460,460,460,558,6,0,5920,11.800000
10,100,fixed,50000,300,4800,432,432,772,6,0,5232,10.400000
10,150,fixed,50000,230,3680,416,416,603,6,0,4096,8.100000
10,200,fixed,50000,187,2992,368,368,679,6,0,3360,6.700000
10,240,fixed,50000,162,2592,366,366,688,6,0,2958,5.900000
