fixed_interval,scenario,seed,requested_total_cycles,addr_width,window_size,event_count,paired_event_count,pair_gap_min,pair_gap_max,cluster_event_count,cluster_bit_count,control_quantization,control_source,control_policy_schedule,control_policy_level_map_output,control_delay_points,safe_interval,fixed_interval,level_intervals,threshold_levels,threshold_intervals,strategy,total_cycles,scrub_cycles,reads,writes,corrected,uncorrectable_detections,unique_uncorrectable_words,interval_switches,safe_entries,safe_cycles,scrub_active_cycles,memory_busy_cycles,scrub_per_mille,busy_per_mille,safe_per_mille
1089,upsets,1,500000,8,43824,400,40,600,3000,10,2,linear_max,risk_policy,results/paper/tables/risk_policy_schedule.csv,results/paper/unsaturated_control/fixed_grid_with_clusters/risk_policy_level_map_1089.csv,0,1089,1089,"1866,1788,1710,1633,1555,1400,1244,1089","3,1,6,4","2021,1555,1244",fixed,500000,458,117400,477,477,1553,5,0,0,0,470534,117877,941,235,0
1089,upsets,2,500000,8,43824,400,40,600,3000,10,2,linear_max,risk_policy,results/paper/tables/risk_policy_schedule.csv,results/paper/unsaturated_control/fixed_grid_with_clusters/risk_policy_level_map_1089.csv,0,1089,1089,"1866,1788,1710,1633,1555,1400,1244,1089","3,1,6,4","2021,1555,1244",fixed,500000,458,117400,474,474,2516,8,0,0,0,470531,117874,941,235,0
1089,upsets,3,500000,8,43824,400,40,600,3000,10,2,linear_max,risk_policy,results/paper/tables/risk_policy_schedule.csv,results/paper/unsaturated_control/fixed_grid_with_clusters/risk_policy_level_map_1089.csv,0,1089,1089,"1866,1788,1710,1633,1555,1400,1244,1089","3,1,6,4","2021,1555,1244",fixed,500000,458,117400,463,463,2411,10,0,0,0,470520,117863,941,235,0
1089,upsets,4,500000,8,43824,400,40,600,3000,10,2,linear_max,risk_policy,results/paper/tables/risk_policy_schedule.csv,results/paper/unsaturated_control/fixed_grid_with_clusters/risk_policy_level_map_1089.csv,0,1089,1089,"1866,1788,1710,1633,1555,1400,1244,1089","3,1,6,4","2021,1555,1244",fixed,500000,458,117400,471,471,2387,6,0,0,0,470528,117871,941,235,0
1089,upsets,5,500000,8,43824,400,40,600,3000,10,2,linear_max,risk_policy,results/paper/tables/risk_policy_schedule.csv,results/paper/unsaturated_control/fixed_grid_with_clusters/risk_policy_level_map_1089.csv,0,1089,1089,"1866,1788,1710,1633,1555,1400,1244,1089","3,1,6,4","2021,1555,1244",fixed,500000,458,117400,474,474,2126,9,0,0,0,470530,117874,941,235,0
1089,upsets,6,500000,8,43824,400,40,600,3000,10,2,linear_max,risk_policy,results/paper/tables/risk_policy_schedule.csv,results/paper/unsaturated_control/fixed_grid_with_clusters/risk_policy_level_map_1089.csv,0,1089,1089,"1866,1788,1710,1633,1555,1400,1244,1089","3,1,6,4","2021,1555,1244",fixed,500000,458,117400,468,468,3298,10,0,0,0,470525,117868,941,235,0
1089,upsets,7,500000,8,43824,400,40,600,3000,10,2,linear_max,risk_policy,results/paper/tables/risk_policy_schedule.csv,results/paper/unsaturated_control/fixed_grid_with_clusters/risk_policy_level_map_1089.csv,0,1089,1089,"1866,1788,1710,1633,1555,1400,1244,1089","3,1,6,4","2021,1555,1244",fixed,500000,458,117400,475,475,2193,7,0,0,0,470532,117875,941,235,0
1089,upsets,8,500000,8,43824,400,40,600,3000,10,2,linear_max,risk_policy,results/paper/tables/risk_policy_schedule.csv,results/paper/unsaturated_control/fixed_grid_with_clusters/risk_policy_level_map_1089.csv,0,1089,1089,"1866,1788,1710,1633,1555,1400,1244,1089","3,1,6,4","2021,1555,1244",fixed,500000,458,117400,466,466,2862,10,0,0,0,470523,117866,941,235,0
1089,upsets,9,500000,8,43824,400,40,600,3000,10,2,linear_max,risk_policy,results/paper/tables/risk_policy_schedule.csv,results/paper/unsaturated_control/fixed_grid_with_clusters/risk_policy_level_map_1089.csv,0,1089,1089,"1866,1788,1710,1633,1555,1400,1244,1089","3,1,6,4","2021,1555,1244",fixed,500000,458,117400,466,466,2369,10,0,0,0,470523,117866,941,235,0
1089,upsets,10,500000,8,43824,400,40,600,3000,10,2,linear_max,risk_policy,results/paper/tables/risk_policy_schedule.csv,results/paper/unsaturated_control/fixed_grid_with_clusters/risk_policy_level_map_1089.csv,0,1089,1089,"1866,1788,1710,1633,1555,1400,1244,1089","3,1,6,4","2021,1555,1244",fixed,500000,458,117400,473,473,1936,9,0,0,0,470530,117873,941,235,0
1150,upsets,1,500000,8,43824,400,40,600,3000,10,2,linear_max,risk_policy,results/paper/tables/risk_policy_schedule.csv,results/paper/unsaturated_control/fixed_grid_with_clusters/risk_policy_level_map_1150.csv,0,1150,1150,"1866,1788,1710,1633,1555,1400,1244,1089","3,1,6,4","2021,1555,1244",fixed,500000,434,111150,477,477,1484,5,0,0,0,445511,111627,891,223,0
1150,upsets,2,500000,8,43824,400,40,600,3000,10,2,linear_max,risk_policy,results/paper/tables/risk_policy_schedule.csv,results/paper/unsaturated_control/fixed_grid_with_clusters/risk_policy_level_map_1150.csv,0,1150,1150,"1866,1788,1710,1633,1555,1400,1244,1089","3,1,6,4","2021,1555,1244",fixed,500000,434,111150,472,472,2522,8,0,0,0,445506,111622,891,223,0
1150,upsets,3,500000,8,43824,400,40,600,3000,10,2,linear_max,risk_policy,results/paper/tables/risk_policy_schedule.csv,results/paper/unsaturated_control/fixed_grid_with_clusters/risk_policy_level_map_1150.csv,0,1150,1150,"1866,1788,1710,1633,1555,1400,1244,1089","3,1,6,4","2021,1555,1244",fixed,500000,434,111150,460,460,2667,12,0,0,0,445494,111610,890,223,0
1150,upsets,4,500000,8,43824,400,40,600,3000,10,2,linear_max,risk_policy,results/paper/tables/risk_policy_schedule.csv,results/paper/unsaturated_control/fixed_grid_with_clusters/risk_policy_level_map_1150.csv,0,1150,1150,"1866,1788,1710,1633,1555,1400,1244,1089","3,1,6,4","2021,1555,1244",fixed,500000,434,111150,470,470,2276,7,0,0,0,445504,111620,891,223,0
1150,upsets,5,500000,8,43824,400,40,600,3000,10,2,linear_max,risk_policy,results/paper/tables/risk_policy_schedule.csv,results/paper/unsaturated_control/fixed_grid_with_clusters/risk_policy_level_map_1150.csv,0,1150,1150,"1866,1788,1710,1633,1555,1400,1244,1089","3,1,6,4","2021,1555,1244",fixed,500000,434,111150,472,472,1976,9,0,0,0,445506,111622,891,223,0
1150,upsets,6,500000,8,43824,400,40,600,3000,10,2,linear_max,risk_policy,results/paper/tables/risk_policy_schedule.csv,results/paper/unsaturated_control/fixed_grid_with_clusters/risk_policy_level_map_1150.csv,0,1150,1150,"1866,1788,1710,1633,1555,1400,1244,1089","3,1,6,4","2021,1555,1244",fixed,500000,434,111150,466,466,3120,10,0,0,0,445500,111616,891,223,0
1150,upsets,7,500000,8,43824,400,40,600,3000,10,2,linear_max,risk_policy,results/paper/tables/risk_policy_schedule.csv,results/paper/unsaturated_control/fixed_grid_with_clusters/risk_policy_level_map_1150.csv,0,1150,1150,"1866,1788,1710,1633,1555,1400,1244,1089","3,1,6,4","2021,1555,1244",fixed,500000,434,111150,478,478,1706,7,0,0,0,445512,111628,891,223,0
1150,upsets,8,500000,8,43824,400,40,600,3000,10,2,linear_max,risk_policy,results/paper/tables/risk_policy_schedule.csv,results/paper/unsaturated_control/fixed_grid_with_clusters/risk_policy_level_map_1150.csv,0,1150,1150,"1866,1788,1710,1633,1555,1400,1244,1089","3,1,6,4","2021,1555,1244",fixed,500000,434,111150,467,467,2984,10,0,0,0,445501,111617,891,223,0
1150,upsets,9,500000,8,43824,400,40,600,3000,10,2,linear_max,risk_policy,results/paper/tables/risk_policy_schedule.csv,results/paper/unsaturated_control/fixed_grid_with_clusters/risk_policy_level_map_1150.csv,0,1150,1150,"1866,1788,1710,1633,1555,1400,1244,1089","3,1,6,4","2021,1555,1244",fixed,500000,434,111150,470,470,2221,8,0,0,0,445504,111620,891,223,0
1150,upsets,10,500000,8,43824,400,40,600,3000,10,2,linear_max,risk_policy,results/paper/tables/risk_policy_schedule.csv,results/paper/unsaturated_control/fixed_grid_with_clusters/risk_policy_level_map_1150.csv,0,1150,1150,"1866,1788,1710,1633,1555,1400,1244,1089","3,1,6,4","2021,1555,1244",fixed,500000,434,111150,472,472,2307,10,0,0,0,445506,111622,891,223,0
1200,upsets,1,500000,8,43824,400,40,600,3000,10,2,linear_max,risk_policy,results/paper/tables/risk_policy_schedule.csv,results/paper/unsaturated_control/fixed_grid_with_clusters/risk_policy_level_map_1200.csv,0,1200,1200,"1866,1788,1710,1633,1555,1400,1244,1089","3,1,6,4","2021,1555,1244",fixed,500000,416,106500,475,475,1680,6,0,0,0,426891,106975,853,213,0
1200,upsets,2,500000,8,43824,400,40,600,3000,10,2,linear_max,risk_policy,results/paper/tables/risk_policy_schedule.csv,results/paper/unsaturated_control/fixed_grid_with_clusters/risk_policy_level_map_1200.csv,0,1200,1200,"1866,1788,1710,1633,1555,1400,1244,1089","3,1,6,4","2021,1555,1244",fixed,500000,416,106500,473,473,2377,8,0,0,0,426889,106973,853,213,0
1200,upsets,3,500000,8,43824,400,40,600,3000,10,2,linear_max,risk_policy,results/paper/tables/risk_policy_schedule.csv,results/paper/unsaturated_control/fixed_grid_with_clusters/risk_policy_level_map_1200.csv,0,1200,1200,"1866,1788,1710,1633,1555,1400,1244,1089","3,1,6,4","2021,1555,1244",fixed,500000,416,106500,459,459,2408,11,0,0,0,426875,106959,853,213,0
1200,upsets,4,500000,8,43824,400,40,600,3000,10,2,linear_max,risk_policy,results/paper/tables/risk_policy_schedule.csv,results/paper/unsaturated_control/fixed_grid_with_clusters/risk_policy_level_map_1200.csv,0,1200,1200,"1866,1788,1710,1633,1555,1400,1244,1089","3,1,6,4","2021,1555,1244",fixed,500000,416,106500,468,468,2517,7,0,0,0,426884,106968,853,213,0
1200,upsets,5,500000,8,43824,400,40,600,3000,10,2,linear_max,risk_policy,results/paper/tables/risk_policy_schedule.csv,results/paper/unsaturated_control/fixed_grid_with_clusters/risk_policy_level_map_1200.csv,0,1200,1200,"1866,1788,1710,1633,1555,1400,1244,1089","3,1,6,4","2021,1555,1244",fixed,500000,416,106500,468,468,2468,11,0,0,0,426884,106968,853,213,0
1200,upsets,6,500000,8,43824,400,40,600,3000,10,2,linear_max,risk_policy,results/paper/tables/risk_policy_schedule.csv,results/paper/unsaturated_control/fixed_grid_with_clusters/risk_policy_level_map_1200.csv,0,1200,1200,"1866,1788,1710,1633,1555,1400,1244,1089","3,1,6,4","2021,1555,1244",fixed,500000,416,106500,461,461,3345,11,0,0,0,426877,106961,853,213,0
1200,upsets,7,500000,8,43824,400,40,600,3000,10,2,linear_max,risk_policy,results/paper/tables/risk_policy_schedule.csv,results/paper/unsaturated_control/fixed_grid_with_clusters/risk_policy_level_map_1200.csv,0,1200,1200,"1866,1788,1710,1633,1555,1400,1244,1089","3,1,6,4","2021,1555,1244",fixed,500000,416,106500,480,480,1580,6,0,0,0,426896,106980,853,213,0
1200,upsets,8,500000,8,43824,400,40,600,3000,10,2,linear_max,risk_policy,results/paper/tables/risk_policy_schedule.csv,results/paper/unsaturated_control/fixed_grid_with_clusters/risk_policy_level_map_1200.csv,0,1200,1200,"1866,1788,1710,1633,1555,1400,1244,1089","3,1,6,4","2021,1555,1244",fixed,500000,416,106500,466,466,2643,9,0,0,0,426882,106966,853,213,0
1200,upsets,9,500000,8,43824,400,40,600,3000,10,2,linear_max,risk_policy,results/paper/tables/risk_policy_schedule.csv,results/paper/unsaturated_control/fixed_grid_with_clusters/risk_policy_level_map_1200.csv,0,1200,1200,"1866,1788,1710,1633,1555,1400,1244,1089","3,1,6,4","2021,1555,1244",fixed,500000,416,106500,468,468,2139,9,0,0,0,426884,106968,853,213,0
1200,upsets,10,500000,8,43824,400,40,600,3000,10,2,linear_max,risk_policy,results/paper/tables/risk_policy_schedule.csv,results/paper/unsaturated_control/fixed_grid_with_clusters/risk_policy_level_map_1200.csv,0,1200,1200,"1866,1788,1710,1633,1555,1400,1244,1089","3,1,6,4","2021,1555,1244",fixed,500000,416,106500,468,468,2519,11,0,0,0,426884,106968,853,213,0
1244,upsets,1,500000,8,43824,400,40,600,3000,10,2,linear_max,risk_policy,results/paper/tables/risk_policy_schedule.csv,results/paper/unsaturated_control/fixed_grid_with_clusters/risk_policy_level_map_1244.csv,0,1244,1244,"1866,1788,1710,1633,1555,1400,1244,1089","3,1,6,4","2021,1555,1244",fixed,500000,401,102735,473,473,1390,6,0,0,0,411811,103208,823,206,0
1244,upsets,2,500000,8,43824,400,40,600,3000,10,2,linear_max,risk_policy,results/paper/tables/risk_policy_schedule.csv,results/paper/unsaturated_control/fixed_grid_with_clusters/risk_policy_level_map_1244.csv,0,1244,1244,"1866,1788,1710,1633,1555,1400,1244,1089","3,1,6,4","2021,1555,1244",fixed,500000,401,102735,471,471,2557,8,0,0,0,411809,103206,823,206,0
1244,upsets,3,500000,8,43824,400,40,600,3000,10,2,linear_max,risk_policy,results/paper/tables/risk_policy_schedule.csv,results/paper/unsaturated_control/fixed_grid_with_clusters/risk_policy_level_map_1244.csv,0,1244,1244,"1866,1788,1710,1633,1555,1400,1244,1089","3,1,6,4","2021,1555,1244",fixed,500000,401,102735,456,456,2533,12,0,0,0,411794,103191,823,206,0
1244,upsets,4,500000,8,43824,400,40,600,3000,10,2,linear_max,risk_policy,results/paper/tables/risk_policy_schedule.csv,results/paper/unsaturated_control/fixed_grid_with_clusters/risk_policy_level_map_1244.csv,0,1244,1244,"1866,1788,1710,1633,1555,1400,1244,1089","3,1,6,4","2021,1555,1244",fixed,500000,401,102735,467,467,2535,8,0,0,0,411805,103202,823,206,0
1244,upsets,5,500000,8,43824,400,40,600,3000,10,2,linear_max,risk_policy,results/paper/tables/risk_policy_schedule.csv,results/paper/unsaturated_control/fixed_grid_with_clusters/risk_policy_level_map_1244.csv,0,1244,1244,"1866,1788,1710,1633,1555,1400,1244,1089","3,1,6,4","2021,1555,1244",fixed,500000,401,102734,468,468,2224,10,0,0,0,411805,103202,823,206,0
1244,upsets,6,500000,8,43824,400,40,600,3000,10,2,linear_max,risk_policy,results/paper/tables/risk_policy_schedule.csv,results/paper/unsaturated_control/fixed_grid_with_clusters/risk_policy_level_map_1244.csv,0,1244,1244,"1866,1788,1710,1633,1555,1400,1244,1089","3,1,6,4","2021,1555,1244",fixed,500000,401,102735,460,460,3528,12,0,0,0,411798,103195,823,206,0
1244,upsets,7,500000,8,43824,400,40,600,3000,10,2,linear_max,risk_policy,results/paper/tables/risk_policy_schedule.csv,results/paper/unsaturated_control/fixed_grid_with_clusters/risk_policy_level_map_1244.csv,0,1244,1244,"1866,1788,1710,1633,1555,1400,1244,1089","3,1,6,4","2021,1555,1244",fixed,500000,401,102735,469,469,2323,9,0,0,0,411807,103204,823,206,0
1244,upsets,8,500000,8,43824,400,40,600,3000,10,2,linear_max,risk_policy,results/paper/tables/risk_policy_schedule.csv,results/paper/unsaturated_control/fixed_grid_with_clusters/risk_policy_level_map_1244.csv,0,1244,1244,"1866,1788,1710,1633,1555,1400,1244,1089","3,1,6,4","2021,1555,1244",fixed,500000,401,102735,470,470,2135,9,0,0,0,411808,103205,823,206,0
1244,upsets,9,500000,8,43824,400,40,600,3000,10,2,linear_max,risk_policy,results/paper/tables/risk_policy_schedule.csv,results/paper/unsaturated_control/fixed_grid_with_clusters/risk_policy_level_map_1244.csv,0,1244,1244,"1866,1788,1710,1633,1555,1400,1244,1089","3,1,6,4","2021,1555,1244",fixed,500000,401,102735,472,472,1869,10,0,0,0,411810,103207,823,206,0
1244,upsets,10,500000,8,43824,400,40,600,3000,10,2,linear_max,risk_policy,results/paper/tables/risk_policy_schedule.csv,results/paper/unsaturated_control/fixed_grid_with_clusters/risk_policy_level_map_1244.csv,0,1244,1244,"1866,1788,1710,1633,1555,1400,1244,1089","3,1,6,4","2021,1555,1244",fixed,500000,401,102735,470,470,1837,9,0,0,0,411808,103205,823,206,0
1300,upsets,1,500000,8,43824,400,40,600,3000,10,2,linear_max,risk_policy,results/paper/tables/risk_policy_schedule.csv,results/paper/unsaturated_control/fixed_grid_with_clusters/risk_policy_level_map_1300.csv,0,1300,1300,"1866,1788,1710,1633,1555,1400,1244,1089","3,1,6,4","2021,1555,1244",fixed,500000,384,98304,469,469,1573,7,0,0,0,394069,98773,788,197,0
1300,upsets,2,500000,8,43824,400,40,600,3000,10,2,linear_max,risk_policy,results/paper/tables/risk_policy_schedule.csv,results/paper/unsaturated_control/fixed_grid_with_clusters/risk_policy_level_map_1300.csv,0,1300,1300,"1866,1788,1710,1633,1555,1400,1244,1089","3,1,6,4","2021,1555,1244",fixed,500000,384,98304,465,465,2808,10,0,0,0,394065,98769,788,197,0
1300,upsets,3,500000,8,43824,400,40,600,3000,10,2,linear_max,risk_policy,results/paper/tables/risk_policy_schedule.csv,results/paper/unsaturated_control/fixed_grid_with_clusters/risk_policy_level_map_1300.csv,0,1300,1300,"1866,1788,1710,1633,1555,1400,1244,1089","3,1,6,4","2021,1555,1244",fixed,500000,384,98304,451,451,2892,13,0,0,0,394051,98755,788,197,0
1300,upsets,4,500000,8,43824,400,40,600,3000,10,2,linear_max,risk_policy,results/paper/tables/risk_policy_schedule.csv,results/paper/unsaturated_control/fixed_grid_with_clusters/risk_policy_level_map_1300.csv,0,1300,1300,"1866,1788,1710,1633,1555,1400,1244,1089","3,1,6,4","2021,1555,1244",fixed,500000,384,98304,468,468,2316,7,0,0,0,394068,98772,788,197,0
1300,upsets,5,500000,8,43824,400,40,600,3000,10,2,linear_max,risk_policy,results/paper/tables/risk_policy_schedule.csv,results/paper/unsaturated_control/fixed_grid_with_clusters/risk_policy_level_map_1300.csv,0,1300,1300,"1866,1788,1710,1633,1555,1400,1244,1089","3,1,6,4","2021,1555,1244",fixed,500000,384,98304,464,464,2539,12,0,0,0,394064,98768,788,197,0
1300,upsets,6,500000,8,43824,400,40,600,3000,10,2,linear_max,risk_policy,results/paper/tables/risk_policy_schedule.csv,results/paper/unsaturated_control/fixed_grid_with_clusters/risk_policy_level_map_1300.csv,0,1300,1300,"1866,1788,1710,1633,1555,1400,1244,1089","3,1,6,4","2021,1555,1244",fixed,500000,384,98304,468,468,2603,11,0,0,0,394068,98772,788,197,0
1300,upsets,7,500000,8,43824,400,40,600,3000,10,2,linear_max,risk_policy,results/paper/tables/risk_policy_schedule.csv,results/paper/unsaturated_control/fixed_grid_with_clusters/risk_policy_level_map_1300.csv,0,1300,1300,"1866,1788,1710,1633,1555,1400,1244,1089","3,1,6,4","2021,1555,1244",fixed,500000,384,98304,463,463,2477,8,0,0,0,394063,98767,788,197,0
1300,upsets,8,500000,8,43824,400,40,600,3000,10,2,linear_max,risk_policy,results/paper/tables/risk_policy_schedule.csv,results/paper/unsaturated_control/fixed_grid_with_clusters/risk_policy_level_map_1300.csv,0,1300,1300,"1866,1788,1710,1633,1555,1400,1244,1089","3,1,6,4","2021,1555,1244",fixed,500000,384,98304,468,468,2427,10,0,0,0,394068,98772,788,197,0
1300,upsets,9,500000,8,43824,400,40,600,3000,10,2,linear_max,risk_policy,results/paper/tables/risk_policy_schedule.csv,results/paper/unsaturated_control/fixed_grid_with_clusters/risk_policy_level_map_1300.csv,0,1300,1300,"1866,1788,1710,1633,1555,1400,1244,1089","3,1,6,4","2021,1555,1244",fixed,500000,384,98304,466,466,1987,10,0,0,0,394066,98770,788,197,0
1300,upsets,10,500000,8,43824,400,40,600,3000,10,2,linear_max,risk_policy,results/paper/tables/risk_policy_schedule.csv,results/paper/unsaturated_control/fixed_grid_with_clusters/risk_policy_level_map_1300.csv,0,1300,1300,"1866,1788,1710,1633,1555,1400,1244,1089","3,1,6,4","2021,1555,1244",fixed,500000,384,98304,471,471,1684,8,0,0,0,394071,98775,788,197,0
1400,upsets,1,500000,8,43824,400,40,600,3000,10,2,linear_max,risk_policy,results/paper/tables/risk_policy_schedule.csv,results/paper/unsaturated_control/fixed_grid_with_clusters/risk_policy_level_map_1400.csv,0,1400,1400,"1866,1788,1710,1633,1555,1400,1244,1089","3,1,6,4","2021,1555,1244",fixed,500000,356,91275,461,461,2188,9,0,0,0,365917,91736,731,183,0
1400,upsets,2,500000,8,43824,400,40,600,3000,10,2,linear_max,risk_policy,results/paper/tables/risk_policy_schedule.csv,results/paper/unsaturated_control/fixed_grid_with_clusters/risk_policy_level_map_1400.csv,0,1400,1400,"1866,1788,1710,1633,1555,1400,1244,1089","3,1,6,4","2021,1555,1244",fixed,500000,356,91275,468,468,2595,10,0,0,0,365924,91743,731,183,0
1400,upsets,3,500000,8,43824,400,40,600,3000,10,2,linear_max,risk_policy,results/paper/tables/risk_policy_schedule.csv,results/paper/unsaturated_control/fixed_grid_with_clusters/risk_policy_level_map_1400.csv,0,1400,1400,"1866,1788,1710,1633,1555,1400,1244,1089","3,1,6,4","2021,1555,1244",fixed,500000,356,91275,452,452,2558,14,0,0,0,365908,91727,731,183,0
1400,upsets,4,500000,8,43824,400,40,600,3000,10,2,linear_max,risk_policy,results/paper/tables/risk_policy_schedule.csv,results/paper/unsaturated_control/fixed_grid_with_clusters/risk_policy_level_map_1400.csv,0,1400,1400,"1866,1788,1710,1633,1555,1400,1244,1089","3,1,6,4","2021,1555,1244",fixed,500000,356,91275,462,462,2647,8,0,0,0,365918,91737,731,183,0
1400,upsets,5,500000,8,43824,400,40,600,3000,10,2,linear_max,risk_policy,results/paper/tables/risk_policy_schedule.csv,results/paper/unsaturated_control/fixed_grid_with_clusters/risk_policy_level_map_1400.csv,0,1400,1400,"1866,1788,1710,1633,1555,1400,1244,1089","3,1,6,4","2021,1555,1244",fixed,500000,356,91275,464,464,2077,12,0,0,0,365919,91739,731,183,0
1400,upsets,6,500000,8,43824,400,40,600,3000,10,2,linear_max,risk_policy,results/paper/tables/risk_policy_schedule.csv,results/paper/unsaturated_control/fixed_grid_with_clusters/risk_policy_level_map_1400.csv,0,1400,1400,"1866,1788,1710,1633,1555,1400,1244,1089","3,1,6,4","2021,1555,1244",fixed,500000,356,91275,461,461,3129,12,0,0,0,365917,91736,731,183,0
1400,upsets,7,500000,8,43824,400,40,600,3000,10,2,linear_max,risk_policy,results/paper/tables/risk_policy_schedule.csv,results/paper/unsaturated_control/fixed_grid_with_clusters/risk_policy_level_map_1400.csv,0,1400,1400,"1866,1788,1710,1633,1555,1400,1244,1089","3,1,6,4","2021,1555,1244",fixed,500000,356,91275,476,476,1703,7,0,0,0,365932,91751,731,183,0
1400,upsets,8,500000,8,43824,400,40,600,3000,10,2,linear_max,risk_policy,results/paper/tables/risk_policy_schedule.csv,results/paper/unsaturated_control/fixed_grid_with_clusters/risk_policy_level_map_1400.csv,0,1400,1400,"1866,1788,1710,1633,1555,1400,1244,1089","3,1,6,4","2021,1555,1244",fixed,500000,356,91275,462,462,2702,10,0,0,0,365918,91737,731,183,0
1400,upsets,9,500000,8,43824,400,40,600,3000,10,2,linear_max,risk_policy,results/paper/tables/risk_policy_schedule.csv,results/paper/unsaturated_control/fixed_grid_with_clusters/risk_policy_level_map_1400.csv,0,1400,1400,"1866,1788,1710,1633,1555,1400,1244,1089","3,1,6,4","2021,1555,1244",fixed,500000,356,91275,466,466,1870,10,0,0,0,365922,91741,731,183,0
1400,upsets,10,500000,8,43824,400,40,600,3000,10,2,linear_max,risk_policy,results/paper/tables/risk_policy_schedule.csv,results/paper/unsaturated_control/fixed_grid_with_clusters/risk_policy_level_map_1400.csv,0,1400,1400,"1866,1788,1710,1633,1555,1400,1244,1089","3,1,6,4","2021,1555,1244",fixed,500000,356,91275,466,466,1711,10,0,0,0,365922,91741,731,183,0
1500,upsets,1,500000,8,43824,400,40,600,3000,10,2,linear_max,risk_policy,results/paper/tables/risk_policy_schedule.csv,results/paper/unsaturated_control/fixed_grid_with_clusters/risk_policy_level_map_1500.csv,0,1500,1500,"1866,1788,1710,1633,1555,1400,1244,1089","3,1,6,4","2021,1555,1244",fixed,500000,332,85200,473,473,1149,5,0,0,0,341605,85673,683,171,0
1500,upsets,2,500000,8,43824,400,40,600,3000,10,2,linear_max,risk_policy,results/paper/tables/risk_policy_schedule.csv,results/paper/unsaturated_control/fixed_grid_with_clusters/risk_policy_level_map_1500.csv,0,1500,1500,"1866,1788,1710,1633,1555,1400,1244,1089","3,1,6,4","2021,1555,1244",fixed,500000,332,85200,466,466,2376,9,0,0,0,341598,85666,683,171,0
1500,upsets,3,500000,8,43824,400,40,600,3000,10,2,linear_max,risk_policy,results/paper/tables/risk_policy_schedule.csv,results/paper/unsaturated_control/fixed_grid_with_clusters/risk_policy_level_map_1500.csv,0,1500,1500,"1866,1788,1710,1633,1555,1400,1244,1089","3,1,6,4","2021,1555,1244",fixed,500000,332,85200,460,460,2041,12,0,0,0,341592,85660,683,171,0
1500,upsets,4,500000,8,43824,400,40,600,3000,10,2,linear_max,risk_policy,results/paper/tables/risk_policy_schedule.csv,results/paper/unsaturated_control/fixed_grid_with_clusters/risk_policy_level_map_1500.csv,0,1500,1500,"1866,1788,1710,1633,1555,1400,1244,1089","3,1,6,4","2021,1555,1244",fixed,500000,332,85200,465,465,2000,7,0,0,0,341597,85665,683,171,0
1500,upsets,5,500000,8,43824,400,40,600,3000,10,2,linear_max,risk_policy,results/paper/tables/risk_policy_schedule.csv,results/paper/unsaturated_control/fixed_grid_with_clusters/risk_policy_level_map_1500.csv,0,1500,1500,"1866,1788,1710,1633,1555,1400,1244,1089","3,1,6,4","2021,1555,1244",fixed,500000,332,85200,460,460,2398,13,0,0,0,341591,85660,683,171,0
1500,upsets,6,500000,8,43824,400,40,600,3000,10,2,linear_max,risk_policy,results/paper/tables/risk_policy_schedule.csv,results/paper/unsaturated_control/fixed_grid_with_clusters/risk_policy_level_map_1500.csv,0,1500,1500,"1866,1788,1710,1633,1555,1400,1244,1089","3,1,6,4","2021,1555,1244",fixed,500000,332,85200,455,455,3115,11,0,0,0,341587,85655,683,171,0
1500,upsets,7,500000,8,43824,400,40,600,3000,10,2,linear_max,risk_policy,results/paper/tables/risk_policy_schedule.csv,results/paper/unsaturated_control/fixed_grid_with_clusters/risk_policy_level_map_1500.csv,0,1500,1500,"1866,1788,1710,1633,1555,1400,1244,1089","3,1,6,4","2021,1555,1244",fixed,500000,332,85200,465,465,2257,9,0,0,0,341597,85665,683,171,0
1500,upsets,8,500000,8,43824,400,40,600,3000,10,2,linear_max,risk_policy,results/paper/tables/risk_policy_schedule.csv,results/paper/unsaturated_control/fixed_grid_with_clusters/risk_policy_level_map_1500.csv,0,1500,1500,"1866,1788,1710,1633,1555,1400,1244,1089","3,1,6,4","2021,1555,1244",fixed,500000,332,85200,456,456,2628,11,0,0,0,341587,85656,683,171,0
1500,upsets,9,500000,8,43824,400,40,600,3000,10,2,linear_max,risk_policy,results/paper/tables/risk_policy_schedule.csv,results/paper/unsaturated_control/fixed_grid_with_clusters/risk_policy_level_map_1500.csv,0,1500,1500,"1866,1788,1710,1633,1555,1400,1244,1089","3,1,6,4","2021,1555,1244",fixed,500000,332,85200,466,466,1685,10,0,0,0,341598,85666,683,171,0
1500,upsets,10,500000,8,43824,400,40,600,3000,10,2,linear_max,risk_policy,results/paper/tables/risk_policy_schedule.csv,results/paper/unsaturated_control/fixed_grid_with_clusters/risk_policy_level_map_1500.csv,0,1500,1500,"1866,1788,1710,1633,1555,1400,1244,1089","3,1,6,4","2021,1555,1244",fixed,500000,332,85200,472,472,1723,9,0,0,0,341604,85672,683,171,0
1600,upsets,1,500000,8,43824,400,40,600,3000,10,2,linear_max,risk_policy,results/paper/tables/risk_policy_schedule.csv,results/paper/unsaturated_control/fixed_grid_with_clusters/risk_policy_level_map_1600.csv,0,1600,1600,"1866,1788,1710,1633,1555,1400,1244,1089","3,1,6,4","2021,1555,1244",fixed,500000,312,79872,475,475,1207,6,0,0,0,320275,80347,640,160,0
1600,upsets,2,500000,8,43824,400,40,600,3000,10,2,linear_max,risk_policy,results/paper/tables/risk_policy_schedule.csv,results/paper/unsaturated_control/fixed_grid_with_clusters/risk_policy_level_map_1600.csv,0,1600,1600,"1866,1788,1710,1633,1555,1400,1244,1089","3,1,6,4","2021,1555,1244",fixed,500000,312,79872,472,472,1668,8,0,0,0,320272,80344,640,160,0
1600,upsets,3,500000,8,43824,400,40,600,3000,10,2,linear_max,risk_policy,results/paper/tables/risk_policy_schedule.csv,results/paper/unsaturated_control/fixed_grid_with_clusters/risk_policy_level_map_1600.csv,0,1600,1600,"1866,1788,1710,1633,1555,1400,1244,1089","3,1,6,4","2021,1555,1244",fixed,500000,312,79872,448,448,2437,13,0,0,0,320248,80320,640,160,0
1600,upsets,4,500000,8,43824,400,40,600,3000,10,2,linear_max,risk_policy,results/paper/tables/risk_policy_schedule.csv,results/paper/unsaturated_control/fixed_grid_with_clusters/risk_policy_level_map_1600.csv,0,1600,1600,"1866,1788,1710,1633,1555,1400,1244,1089","3,1,6,4","2021,1555,1244",fixed,500000,312,79872,466,466,1894,7,0,0,0,320266,80338,640,160,0
1600,upsets,5,500000,8,43824,400,40,600,3000,10,2,linear_max,risk_policy,results/paper/tables/risk_policy_schedule.csv,results/paper/unsaturated_control/fixed_grid_with_clusters/risk_policy_level_map_1600.csv,0,1600,1600,"1866,1788,1710,1633,1555,1400,1244,1089","3,1,6,4","2021,1555,1244",fixed,500000,312,79872,461,461,2015,11,0,0,0,320261,80333,640,160,0
1600,upsets,6,500000,8,43824,400,40,600,3000,10,2,linear_max,risk_policy,results/paper/tables/risk_policy_schedule.csv,results/paper/unsaturated_control/fixed_grid_with_clusters/risk_policy_level_map_1600.csv,0,1600,1600,"1866,1788,1710,1633,1555,1400,1244,1089","3,1,6,4","2021,1555,1244",fixed,500000,312,79872,454,454,2894,14,0,0,0,320254,80326,640,160,0
1600,upsets,7,500000,8,43824,400,40,600,3000,10,2,linear_max,risk_policy,results/paper/tables/risk_policy_schedule.csv,results/paper/unsaturated_control/fixed_grid_with_clusters/risk_policy_level_map_1600.csv,0,1600,1600,"1866,1788,1710,1633,1555,1400,1244,1089","3,1,6,4","2021,1555,1244",fixed,500000,312,79872,461,461,2425,10,0,0,0,320261,80333,640,160,0
1600,upsets,8,500000,8,43824,400,40,600,3000,10,2,linear_max,risk_policy,results/paper/tables/risk_policy_schedule.csv,results/paper/unsaturated_control/fixed_grid_with_clusters/risk_policy_level_map_1600.csv,0,1600,1600,"1866,1788,1710,1633,1555,1400,1244,1089","3,1,6,4","2021,1555,1244",fixed,500000,312,79872,454,454,2814,14,0,0,0,320254,80326,640,160,0
1600,upsets,9,500000,8,43824,400,40,600,3000,10,2,linear_max,risk_policy,results/paper/tables/risk_policy_schedule.csv,results/paper/unsaturated_control/fixed_grid_with_clusters/risk_policy_level_map_1600.csv,0,1600,1600,"1866,1788,1710,1633,1555,1400,1244,1089","3,1,6,4","2021,1555,1244",fixed,500000,312,79872,464,464,2009,11,0,0,0,320264,80336,640,160,0
1600,upsets,10,500000,8,43824,400,40,600,3000,10,2,linear_max,risk_policy,results/paper/tables/risk_policy_schedule.csv,results/paper/unsaturated_control/fixed_grid_with_clusters/risk_policy_level_map_1600.csv,0,1600,1600,"1866,1788,1710,1633,1555,1400,1244,1089","3,1,6,4","2021,1555,1244",fixed,500000,312,79872,456,456,2473,14,0,0,0,320256,80328,640,160,0
1700,upsets,1,500000,8,43824,400,40,600,3000,10,2,linear_max,risk_policy,results/paper/tables/risk_policy_schedule.csv,results/paper/unsaturated_control/fixed_grid_with_clusters/risk_policy_level_map_1700.csv,0,1700,1700,"1866,1788,1710,1633,1555,1400,1244,1089","3,1,6,4","2021,1555,1244",fixed,500000,293,75132,467,467,1262,7,0,0,0,301285,75599,602,151,0
1700,upsets,2,500000,8,43824,400,40,600,3000,10,2,linear_max,risk_policy,results/paper/tables/risk_policy_schedule.csv,results/paper/unsaturated_control/fixed_grid_with_clusters/risk_policy_level_map_1700.csv,0,1700,1700,"1866,1788,1710,1633,1555,1400,1244,1089","3,1,6,4","2021,1555,1244",fixed,500000,293,75132,464,464,2229,10,0,0,0,301282,75596,602,151,0
1700,upsets,3,500000,8,43824,400,40,600,3000,10,2,linear_max,risk_policy,results/paper/tables/risk_policy_schedule.csv,results/paper/unsaturated_control/fixed_grid_with_clusters/risk_policy_level_map_1700.csv,0,1700,1700,"1866,1788,1710,1633,1555,1400,1244,1089","3,1,6,4","2021,1555,1244",fixed,500000,293,75132,451,451,2080,14,0,0,0,301269,75583,602,151,0
1700,upsets,4,500000,8,43824,400,40,600,3000,10,2,linear_max,risk_policy,results/paper/tables/risk_policy_schedule.csv,results/paper/unsaturated_control/fixed_grid_with_clusters/risk_policy_level_map_1700.csv,0,1700,1700,"1866,1788,1710,1633,1555,1400,1244,1089","3,1,6,4","2021,1555,1244",fixed,500000,293,75132,459,459,2243,10,0,0,0,301277,75591,602,151,0
1700,upsets,5,500000,8,43824,400,40,600,3000,10,2,linear_max,risk_policy,results/paper/tables/risk_policy_schedule.csv,results/paper/unsaturated_control/fixed_grid_with_clusters/risk_policy_level_map_1700.csv,0,1700,1700,"1866,1788,1710,1633,1555,1400,1244,1089","3,1,6,4","2021,1555,1244",fixed,500000,293,75131,453,453,2303,14,0,0,0,301270,75584,602,151,0
1700,upsets,6,500000,8,43824,400,40,600,3000,10,2,linear_max,risk_policy,results/paper/tables/risk_policy_schedule.csv,results/paper/unsaturated_control/fixed_grid_with_clusters/risk_policy_level_map_1700.csv,0,1700,1700,"1866,1788,1710,1633,1555,1400,1244,1089","3,1,6,4","2021,1555,1244",fixed,500000,293,75132,453,453,2628,12,0,0,0,301271,75585,602,151,0
1700,upsets,7,500000,8,43824,400,40,600,3000,10,2,linear_max,risk_policy,results/paper/tables/risk_policy_schedule.csv,results/paper/unsaturated_control/fixed_grid_with_clusters/risk_policy_level_map_1700.csv,0,1700,1700,"1866,1788,1710,1633,1555,1400,1244,1089","3,1,6,4","2021,1555,1244",fixed,500000,293,75132,470,470,1737,8,0,0,0,301288,75602,602,151,0
1700,upsets,8,500000,8,43824,400,40,600,3000,10,2,linear_max,risk_policy,results/paper/tables/risk_policy_schedule.csv,results/paper/unsaturated_control/fixed_grid_with_clusters/risk_policy_level_map_1700.csv,0,1700,1700,"1866,1788,1710,1633,1555,1400,1244,1089","3,1,6,4","2021,1555,1244",fixed,500000,293,75132,463,463,2021,11,0,0,0,301281,75595,602,151,0
1700,upsets,9,500000,8,43824,400,40,600,3000,10,2,linear_max,risk_policy,results/paper/tables/risk_policy_schedule.csv,results/paper/unsaturated_control/fixed_grid_with_clusters/risk_policy_level_map_1700.csv,0,1700,1700,"1866,1788,1710,1633,1555,1400,1244,1089","3,1,6,4","2021,1555,1244",fixed,500000,293,75132,449,449,2468,15,0,0,0,301267,75581,602,151,0
1700,upsets,10,500000,8,43824,400,40,600,3000,10,2,linear_max,risk_policy,results/paper/tables/risk_policy_schedule.csv,results/paper/unsaturated_control/fixed_grid_with_clusters/risk_policy_level_map_1700.csv,0,1700,1700,"1866,1788,1710,1633,1555,1400,1244,1089","3,1,6,4","2021,1555,1244",fixed,500000,293,75132,457,457,2197,14,0,0,0,301275,75589,602,151,0
1800,upsets,1,500000,8,43824,400,40,600,3000,10,2,linear_max,risk_policy,results/paper/tables/risk_policy_schedule.csv,results/paper/unsaturated_control/fixed_grid_with_clusters/risk_policy_level_map_1800.csv,0,1800,1800,"1866,1788,1710,1633,1555,1400,1244,1089","3,1,6,4","2021,1555,1244",fixed,500000,277,70912,465,465,1337,8,0,0,0,284390,71377,568,142,0
1800,upsets,2,500000,8,43824,400,40,600,3000,10,2,linear_max,risk_policy,results/paper/tables/risk_policy_schedule.csv,results/paper/unsaturated_control/fixed_grid_with_clusters/risk_policy_level_map_1800.csv,0,1800,1800,"1866,1788,1710,1633,1555,1400,1244,1089","3,1,6,4","2021,1555,1244",fixed,500000,277,70912,465,465,2194,10,0,0,0,284390,71377,568,142,0
1800,upsets,3,500000,8,43824,400,40,600,3000,10,2,linear_max,risk_policy,results/paper/tables/risk_policy_schedule.csv,results/paper/unsaturated_control/fixed_grid_with_clusters/risk_policy_level_map_1800.csv,0,1800,1800,"1866,1788,1710,1633,1555,1400,1244,1089","3,1,6,4","2021,1555,1244",fixed,500000,277,70912,447,447,2019,16,0,0,0,284372,71359,568,142,0
1800,upsets,4,500000,8,43824,400,40,600,3000,10,2,linear_max,risk_policy,results/paper/tables/risk_policy_schedule.csv,results/paper/unsaturated_control/fixed_grid_with_clusters/risk_policy_level_map_1800.csv,0,1800,1800,"1866,1788,1710,1633,1555,1400,1244,1089","3,1,6,4","2021,1555,1244",fixed,500000,277,70912,461,461,1925,8,0,0,0,284386,71373,568,142,0
1800,upsets,5,500000,8,43824,400,40,600,3000,10,2,linear_max,risk_policy,results/paper/tables/risk_policy_schedule.csv,results/paper/unsaturated_control/fixed_grid_with_clusters/risk_policy_level_map_1800.csv,0,1800,1800,"1866,1788,1710,1633,1555,1400,1244,1089","3,1,6,4","2021,1555,1244",fixed,500000,277,70912,463,463,1730,12,0,0,0,284388,71375,568,142,0
1800,upsets,6,500000,8,43824,400,40,600,3000,10,2,linear_max,risk_policy,results/paper/tables/risk_policy_schedule.csv,results/paper/unsaturated_control/fixed_grid_with_clusters/risk_policy_level_map_1800.csv,0,1800,1800,"1866,1788,1710,1633,1555,1400,1244,1089","3,1,6,4","2021,1555,1244",fixed,500000,277,70912,454,454,2546,12,0,0,0,284379,71366,568,142,0
1800,upsets,7,500000,8,43824,400,40,600,3000,10,2,linear_max,risk_policy,results/paper/tables/risk_policy_schedule.csv,results/paper/unsaturated_control/fixed_grid_with_clusters/risk_policy_level_map_1800.csv,0,1800,1800,"1866,1788,1710,1633,1555,1400,1244,1089","3,1,6,4","2021,1555,1244",fixed,500000,277,70912,462,462,2310,10,0,0,0,284387,71374,568,142,0
1800,upsets,8,500000,8,43824,400,40,600,3000,10,2,linear_max,risk_policy,results/paper/tables/risk_policy_schedule.csv,results/paper/unsaturated_control/fixed_grid_with_clusters/risk_policy_level_map_1800.csv,0,1800,1800,"1866,1788,1710,1633,1555,1400,1244,1089","3,1,6,4","2021,1555,1244",fixed,500000,277,70912,452,452,2236,12,0,0,0,284377,71364,568,142,0
1800,upsets,9,500000,8,43824,400,40,600,3000,10,2,linear_max,risk_policy,results/paper/tables/risk_policy_schedule.csv,results/paper/unsaturated_control/fixed_grid_with_clusters/risk_policy_level_map_1800.csv,0,1800,1800,"1866,1788,1710,1633,1555,1400,1244,1089","3,1,6,4","2021,1555,1244",fixed,500000,277,70912,458,458,2125,12,0,0,0,284383,71370,568,142,0
1800,upsets,10,500000,8,43824,400,40,600,3000,10,2,linear_max,risk_policy,results/paper/tables/risk_policy_schedule.csv,results/paper/unsaturated_control/fixed_grid_with_clusters/risk_policy_level_map_1800.csv,0,1800,1800,"1866,1788,1710,1633,1555,1400,1244,1089","3,1,6,4","2021,1555,1244",fixed,500000,277,70912,459,459,1988,12,0,0,0,284384,71371,568,142,0
1900,upsets,1,500000,8,43824,400,40,600,3000,10,2,linear_max,risk_policy,results/paper/tables/risk_policy_schedule.csv,results/paper/unsaturated_control/fixed_grid_with_clusters/risk_policy_level_map_1900.csv,0,1900,1900,"1866,1788,1710,1633,1555,1400,1244,1089","3,1,6,4","2021,1555,1244",fixed,500000,262,67213,471,471,1052,7,0,0,0,269583,67684,539,135,0
1900,upsets,2,500000,8,43824,400,40,600,3000,10,2,linear_max,risk_policy,results/paper/tables/risk_policy_schedule.csv,results/paper/unsaturated_control/fixed_grid_with_clusters/risk_policy_level_map_1900.csv,0,1900,1900,"1866,1788,1710,1633,1555,1400,1244,1089","3,1,6,4","2021,1555,1244",fixed,500000,262,67213,464,464,1960,11,0,0,0,269576,67677,539,135,0
1900,upsets,3,500000,8,43824,400,40,600,3000,10,2,linear_max,risk_policy,results/paper/tables/risk_policy_schedule.csv,results/paper/unsaturated_control/fixed_grid_with_clusters/risk_policy_level_map_1900.csv,0,1900,1900,"1866,1788,1710,1633,1555,1400,1244,1089","3,1,6,4","2021,1555,1244",fixed,500000,262,67213,449,449,2093,15,0,0,0,269561,67662,539,135,0
1900,upsets,4,500000,8,43824,400,40,600,3000,10,2,linear_max,risk_policy,results/paper/tables/risk_policy_schedule.csv,results/paper/unsaturated_control/fixed_grid_with_clusters/risk_policy_level_map_1900.csv,0,1900,1900,"1866,1788,1710,1633,1555,1400,1244,1089","3,1,6,4","2021,1555,1244",fixed,500000,262,67213,444,444,2476,14,0,0,0,269556,67657,539,135,0
1900,upsets,5,500000,8,43824,400,40,600,3000,10,2,linear_max,risk_policy,results/paper/tables/risk_policy_schedule.csv,results/paper/unsaturated_control/fixed_grid_with_clusters/risk_policy_level_map_1900.csv,0,1900,1900,"1866,1788,1710,1633,1555,1400,1244,1089","3,1,6,4","2021,1555,1244",fixed,500000,262,67213,454,454,1946,14,0,0,0,269565,67667,539,135,0
1900,upsets,6,500000,8,43824,400,40,600,3000,10,2,linear_max,risk_policy,results/paper/tables/risk_policy_schedule.csv,results/paper/unsaturated_control/fixed_grid_with_clusters/risk_policy_level_map_1900.csv,0,1900,1900,"1866,1788,1710,1633,1555,1400,1244,1089","3,1,6,4","2021,1555,1244",fixed,500000,262,67213,447,447,2791,15,0,0,0,269559,67660,539,135,0
1900,upsets,7,500000,8,43824,400,40,600,3000,10,2,linear_max,risk_policy,results/paper/tables/risk_policy_schedule.csv,results/paper/unsaturated_control/fixed_grid_with_clusters/risk_policy_level_map_1900.csv,0,1900,1900,"1866,1788,1710,1633,1555,1400,1244,1089","3,1,6,4","2021,1555,1244",fixed,500000,262,67213,457,457,2437,12,0,0,0,269569,67670,539,135,0
1900,upsets,8,500000,8,43824,400,40,600,3000,10,2,linear_max,risk_policy,results/paper/tables/risk_policy_schedule.csv,results/paper/unsaturated_control/fixed_grid_with_clusters/risk_policy_level_map_1900.csv,0,1900,1900,"1866,1788,1710,1633,1555,1400,1244,1089","3,1,6,4","2021,1555,1244",fixed,500000,262,67213,457,457,2172,11,0,0,0,269569,67670,539,135,0
1900,upsets,9,500000,8,43824,400,40,600,3000,10,2,linear_max,risk_policy,results/paper/tables/risk_policy_schedule.csv,results/paper/unsaturated_control/fixed_grid_with_clusters/risk_policy_level_map_1900.csv,0,1900,1900,"1866,1788,1710,1633,1555,1400,1244,1089","3,1,6,4","2021,1555,1244",fixed,500000,262,67213,466,466,1426,10,0,0,0,269578,67679,539,135,0
1900,upsets,10,500000,8,43824,400,40,600,3000,10,2,linear_max,risk_policy,results/paper/tables/risk_policy_schedule.csv,results/paper/unsaturated_control/fixed_grid_with_clusters/risk_policy_level_map_1900.csv,0,1900,1900,"1866,1788,1710,1633,1555,1400,1244,1089","3,1,6,4","2021,1555,1244",fixed,500000,262,67213,464,464,1462,11,0,0,0,269576,67677,539,135,0
2021,upsets,1,500000,8,43824,400,40,600,3000,10,2,linear_max,risk_policy,results/paper/tables/risk_policy_schedule.csv,results/paper/unsaturated_control/fixed_grid_with_clusters/risk_policy_level_map_2021.csv,0,2021,2021,"1866,1788,1710,1633,1555,1400,1244,1089","3,1,6,4","2021,1555,1244",fixed,500000,247,63232,461,461,1636,9,0,0,0,253636,63693,507,127,0
2021,upsets,2,500000,8,43824,400,40,600,3000,10,2,linear_max,risk_policy,results/paper/tables/risk_policy_schedule.csv,results/paper/unsaturated_control/fixed_grid_with_clusters/risk_policy_level_map_2021.csv,0,2021,2021,"1866,1788,1710,1633,1555,1400,1244,1089","3,1,6,4","2021,1555,1244",fixed,500000,247,63232,459,459,2339,12,0,0,0,253634,63691,507,127,0
2021,upsets,3,500000,8,43824,400,40,600,3000,10,2,linear_max,risk_policy,results/paper/tables/risk_policy_schedule.csv,results/paper/unsaturated_control/fixed_grid_with_clusters/risk_policy_level_map_2021.csv,0,2021,2021,"1866,1788,1710,1633,1555,1400,1244,1089","3,1,6,4","2021,1555,1244",fixed,500000,247,63232,453,453,1639,13,0,0,0,253628,63685,507,127,0
2021,upsets,4,500000,8,43824,400,40,600,3000,10,2,linear_max,risk_policy,results/paper/tables/risk_policy_schedule.csv,results/paper/unsaturated_control/fixed_grid_with_clusters/risk_policy_level_map_2021.csv,0,2021,2021,"1866,1788,1710,1633,1555,1400,1244,1089","3,1,6,4","2021,1555,1244",fixed,500000,247,63232,458,458,1867,10,0,0,0,253633,63690,507,127,0
2021,upsets,5,500000,8,43824,400,40,600,3000,10,2,linear_max,risk_policy,results/paper/tables/risk_policy_schedule.csv,results/paper/unsaturated_control/fixed_grid_with_clusters/risk_policy_level_map_2021.csv,0,2021,2021,"1866,1788,1710,1633,1555,1400,1244,1089","3,1,6,4","2021,1555,1244",fixed,500000,247,63232,458,458,1991,14,0,0,0,253633,63690,507,127,0
2021,upsets,6,500000,8,43824,400,40,600,3000,10,2,linear_max,risk_policy,results/paper/tables/risk_policy_schedule.csv,results/paper/unsaturated_control/fixed_grid_with_clusters/risk_policy_level_map_2021.csv,0,2021,2021,"1866,1788,1710,1633,1555,1400,1244,1089","3,1,6,4","2021,1555,1244",fixed,500000,247,63232,444,444,2594,16,0,0,0,253619,63676,507,127,0
2021,upsets,7,500000,8,43824,400,40,600,3000,10,2,linear_max,risk_policy,results/paper/tables/risk_policy_schedule.csv,results/paper/unsaturated_control/fixed_grid_with_clusters/risk_policy_level_map_2021.csv,0,2021,2021,"1866,1788,1710,1633,1555,1400,1244,1089","3,1,6,4","2021,1555,1244",fixed,500000,247,63232,467,467,1672,8,0,0,0,253642,63699,507,127,0
2021,upsets,8,500000,8,43824,400,40,600,3000,10,2,linear_max,risk_policy,results/paper/tables/risk_policy_schedule.csv,results/paper/unsaturated_control/fixed_grid_with_clusters/risk_policy_level_map_2021.csv,0,2021,2021,"1866,1788,1710,1633,1555,1400,1244,1089","3,1,6,4","2021,1555,1244",fixed,500000,247,63232,448,448,2226,12,0,0,0,253623,63680,507,127,0
2021,upsets,9,500000,8,43824,400,40,600,3000,10,2,linear_max,risk_policy,results/paper/tables/risk_policy_schedule.csv,results/paper/unsaturated_control/fixed_grid_with_clusters/risk_policy_level_map_2021.csv,0,2021,2021,"1866,1788,1710,1633,1555,1400,1244,1089","3,1,6,4","2021,1555,1244",fixed,500000,247,63232,453,453,1796,13,0,0,0,253628,63685,507,127,0
2021,upsets,10,500000,8,43824,400,40,600,3000,10,2,linear_max,risk_policy,results/paper/tables/risk_policy_schedule.csv,results/paper/unsaturated_control/fixed_grid_with_clusters/risk_policy_level_map_2021.csv,0,2021,2021,"1866,1788,1710,1633,1555,1400,1244,1089","3,1,6,4","2021,1555,1244",fixed,500000,247,63232,449,449,2315,18,0,0,0,253624,63681,507,127,0
2200,upsets,1,500000,8,43824,400,40,600,3000,10,2,linear_max,risk_policy,results/paper/tables/risk_policy_schedule.csv,results/paper/unsaturated_control/fixed_grid_with_clusters/risk_policy_level_map_2200.csv,0,2200,2200,"1866,1788,1710,1633,1555,1400,1244,1089","3,1,6,4","2021,1555,1244",fixed,500000,226,58063,448,448,1763,11,0,0,0,232924,58511,465,117,0
2200,upsets,2,500000,8,43824,400,40,600,3000,10,2,linear_max,risk_policy,results/paper/tables/risk_policy_schedule.csv,results/paper/unsaturated_control/fixed_grid_with_clusters/risk_policy_level_map_2200.csv,0,2200,2200,"1866,1788,1710,1633,1555,1400,1244,1089","3,1,6,4","2021,1555,1244",fixed,500000,226,58063,455,455,2363,11,0,0,0,232931,58518,465,117,0
2200,upsets,3,500000,8,43824,400,40,600,3000,10,2,linear_max,risk_policy,results/paper/tables/risk_policy_schedule.csv,results/paper/unsaturated_control/fixed_grid_with_clusters/risk_policy_level_map_2200.csv,0,2200,2200,"1866,1788,1710,1633,1555,1400,1244,1089","3,1,6,4","2021,1555,1244",fixed,500000,226,58062,444,444,1840,15,0,0,0,232918,58506,465,117,0
2200,upsets,4,500000,8,43824,400,40,600,3000,10,2,linear_max,risk_policy,results/paper/tables/risk_policy_schedule.csv,results/paper/unsaturated_control/fixed_grid_with_clusters/risk_policy_level_map_2200.csv,0,2200,2200,"1866,1788,1710,1633,1555,1400,1244,1089","3,1,6,4","2021,1555,1244",fixed,500000,226,58063,447,447,2037,13,0,0,0,232923,58510,465,117,0
2200,upsets,5,500000,8,43824,400,40,600,3000,10,2,linear_max,risk_policy,results/paper/tables/risk_policy_schedule.csv,results/paper/unsaturated_control/fixed_grid_with_clusters/risk_policy_level_map_2200.csv,0,2200,2200,"1866,1788,1710,1633,1555,1400,1244,1089","3,1,6,4","2021,1555,1244",fixed,500000,226,58063,447,447,1889,17,0,0,0,232922,58510,465,117,0
2200,upsets,6,500000,8,43824,400,40,600,3000,10,2,linear_max,risk_policy,results/paper/tables/risk_policy_schedule.csv,results/paper/unsaturated_control/fixed_grid_with_clusters/risk_policy_level_map_2200.csv,0,2200,2200,"1866,1788,1710,1633,1555,1400,1244,1089","3,1,6,4","2021,1555,1244",fixed,500000,226,58063,449,449,2344,10,0,0,0,232925,58512,465,117,0
2200,upsets,7,500000,8,43824,400,40,600,3000,10,2,linear_max,risk_policy,results/paper/tables/risk_policy_schedule.csv,results/paper/unsaturated_control/fixed_grid_with_clusters/risk_policy_level_map_2200.csv,0,2200,2200,"1866,1788,1710,1633,1555,1400,1244,1089","3,1,6,4","2021,1555,1244",fixed,500000,226,58063,453,453,2510,13,0,0,0,232929,58516,465,117,0
2200,upsets,8,500000,8,43824,400,40,600,3000,10,2,linear_max,risk_policy,results/paper/tables/risk_policy_schedule.csv,results/paper/unsaturated_control/fixed_grid_with_clusters/risk_policy_level_map_2200.csv,0,2200,2200,"1866,1788,1710,1633,1555,1400,1244,1089","3,1,6,4","2021,1555,1244",fixed,500000,226,58063,451,451,2003,12,0,0,0,232926,58514,465,117,0
2200,upsets,9,500000,8,43824,400,40,600,3000,10,2,linear_max,risk_policy,results/paper/tables/risk_policy_schedule.csv,results/paper/unsaturated_control/fixed_grid_with_clusters/risk_policy_level_map_2200.csv,0,2200,2200,"1866,1788,1710,1633,1555,1400,1244,1089","3,1,6,4","2021,1555,1244",fixed,500000,226,58063,454,454,2124,16,0,0,0,232930,58517,465,117,0
2200,upsets,10,500000,8,43824,400,40,600,3000,10,2,linear_max,risk_policy,results/paper/tables/risk_policy_schedule.csv,results/paper/unsaturated_control/fixed_grid_with_clusters/risk_policy_level_map_2200.csv,0,2200,2200,"1866,1788,1710,1633,1555,1400,1244,1089","3,1,6,4","2021,1555,1244",fixed,500000,226,58063,441,441,2387,17,0,0,0,232917,58504,465,117,0
2400,upsets,1,500000,8,43824,400,40,600,3000,10,2,linear_max,risk_policy,results/paper/tables/risk_policy_schedule.csv,results/paper/unsaturated_control/fixed_grid_with_clusters/risk_policy_level_map_2400.csv,0,2400,2400,"1866,1788,1710,1633,1555,1400,1244,1089","3,1,6,4","2021,1555,1244",fixed,500000,207,53244,465,465,1036,7,0,0,0,213647,53709,427,107,0
2400,upsets,2,500000,8,43824,400,40,600,3000,10,2,linear_max,risk_policy,results/paper/tables/risk_policy_schedule.csv,results/paper/unsaturated_control/fixed_grid_with_clusters/risk_policy_level_map_2400.csv,0,2400,2400,"1866,1788,1710,1633,1555,1400,1244,1089","3,1,6,4","2021,1555,1244",fixed,500000,207,53244,442,442,2692,14,0,0,0,213624,53686,427,107,0
2400,upsets,3,500000,8,43824,400,40,600,3000,10,2,linear_max,risk_policy,results/paper/tables/risk_policy_schedule.csv,results/paper/unsaturated_control/fixed_grid_with_clusters/risk_policy_level_map_2400.csv,0,2400,2400,"1866,1788,1710,1633,1555,1400,1244,1089","3,1,6,4","2021,1555,1244",fixed,500000,207,53244,435,435,2062,19,0,0,0,213615,53679,427,107,0
2400,upsets,4,500000,8,43824,400,40,600,3000,10,2,linear_max,risk_policy,results/paper/tables/risk_policy_schedule.csv,results/paper/unsaturated_control/fixed_grid_with_clusters/risk_policy_level_map_2400.csv,0,2400,2400,"1866,1788,1710,1633,1555,1400,1244,1089","3,1,6,4","2021,1555,1244",fixed,500000,207,53244,443,443,1944,13,0,0,0,213624,53687,427,107,0
2400,upsets,5,500000,8,43824,400,40,600,3000,10,2,linear_max,risk_policy,results/paper/tables/risk_policy_schedule.csv,results/paper/unsaturated_control/fixed_grid_with_clusters/risk_policy_level_map_2400.csv,0,2400,2400,"1866,1788,1710,1633,1555,1400,1244,1089","3,1,6,4","2021,1555,1244",fixed,500000,207,53244,441,441,2255,18,0,0,0,213622,53685,427,107,0
2400,upsets,6,500000,8,43824,400,40,600,3000,10,2,linear_max,risk_policy,results/paper/tables/risk_policy_schedule.csv,results/paper/unsaturated_control/fixed_grid_with_clusters/risk_policy_level_map_2400.csv,0,2400,2400,"1866,1788,1710,1633,1555,1400,1244,1089","3,1,6,4","2021,1555,1244",fixed,500000,207,53244,437,437,2494,15,0,0,0,213619,53681,427,107,0
2400,upsets,7,500000,8,43824,400,40,600,3000,10,2,linear_max,risk_policy,results/paper/tables/risk_policy_schedule.csv,results/paper/unsaturated_control/fixed_grid_with_clusters/risk_policy_level_map_2400.csv,0,2400,2400,"1866,1788,1710,1633,1555,1400,1244,1089","3,1,6,4","2021,1555,1244",fixed,500000,207,53244,454,454,1788,10,0,0,0,213636,53698,427,107,0
2400,upsets,8,500000,8,43824,400,40,600,3000,10,2,linear_max,risk_policy,results/paper/tables/risk_policy_schedule.csv,results/paper/unsaturated_control/fixed_grid_with_clusters/risk_policy_level_map_2400.csv,0,2400,2400,"1866,1788,1710,1633,1555,1400,1244,1089","3,1,6,4","2021,1555,1244",fixed,500000,207,53244,449,449,1924,14,0,0,0,213630,53693,427,107,0
2400,upsets,9,500000,8,43824,400,40,600,3000,10,2,linear_max,risk_policy,results/paper/tables/risk_policy_schedule.csv,results/paper/unsaturated_control/fixed_grid_with_clusters/risk_policy_level_map_2400.csv,0,2400,2400,"1866,1788,1710,1633,1555,1400,1244,1089","3,1,6,4","2021,1555,1244",fixed,500000,207,53244,434,434,2207,19,0,0,0,213616,53678,427,107,0
2400,upsets,10,500000,8,43824,400,40,600,3000,10,2,linear_max,risk_policy,results/paper/tables/risk_policy_schedule.csv,results/paper/unsaturated_control/fixed_grid_with_clusters/risk_policy_level_map_2400.csv,0,2400,2400,"1866,1788,1710,1633,1555,1400,1244,1089","3,1,6,4","2021,1555,1244",fixed,500000,207,53244,431,431,2469,19,0,0,0,213613,53675,427,107,0
