scenario,seed,requested_total_cycles,window_size,event_count,paired_event_count,pair_gap_min,pair_gap_max,cluster_event_count,cluster_bit_count,control_quantization,control_source,control_policy_schedule,control_policy_level_map_output,control_delay_points,safe_interval,level_intervals,threshold_levels,threshold_intervals,strategy,total_cycles,scrub_cycles,reads,writes,corrected,uncorrectable_detections,unique_uncorrectable_words,interval_switches,safe_entries,safe_cycles,scrub_active_cycles,memory_busy_cycles,scrub_per_mille,busy_per_mille,safe_per_mille
upsets,1,50000,43824,400,100,60,300,10,2,linear_max,risk_policy,results/paper/tables/risk_policy_schedule_modified_delay.csv,results/paper/tables/risk_policy_level_map_modified_delay.csv,0,1,"120,115,110,105,100,90,80,70","2,1,4,3","130,100,80",fixed,50000,632,10112,523,523,605,4,0,0,0,41603,10635,832,212,0
upsets,1,50000,43824,400,100,60,300,10,2,linear_max,risk_policy,results/paper/tables/risk_policy_schedule_modified_delay.csv,results/paper/tables/risk_policy_level_map_modified_delay.csv,0,1,"120,115,110,105,100,90,80,70","2,1,4,3","130,100,80",table,50000,432,6912,509,509,537,4,1347,0,0,28589,7421,571,148,0
upsets,1,50000,43824,400,100,60,300,10,2,linear_max,risk_policy,results/paper/tables/risk_policy_schedule_modified_delay.csv,results/paper/tables/risk_policy_level_map_modified_delay.csv,0,1,"120,115,110,105,100,90,80,70","2,1,4,3","130,100,80",threshold,50000,409,6544,487,487,832,4,788,0,0,27072,7031,541,140,0
upsets,2,50000,43824,400,100,60,300,10,2,linear_max,risk_policy,results/paper/tables/risk_policy_schedule_modified_delay.csv,results/paper/tables/risk_policy_level_map_modified_delay.csv,0,1,"120,115,110,105,100,90,80,70","2,1,4,3","130,100,80",fixed,50000,632,10112,508,508,754,6,0,0,0,41588,10620,831,212,0
upsets,2,50000,43824,400,100,60,300,10,2,linear_max,risk_policy,results/paper/tables/risk_policy_schedule_modified_delay.csv,results/paper/tables/risk_policy_level_map_modified_delay.csv,0,1,"120,115,110,105,100,90,80,70","2,1,4,3","130,100,80",table,50000,432,6912,490,490,677,4,1347,0,0,28570,7402,571,148,0
upsets,2,50000,43824,400,100,60,300,10,2,linear_max,risk_policy,results/paper/tables/risk_policy_schedule_modified_delay.csv,results/paper/tables/risk_policy_level_map_modified_delay.csv,0,1,"120,115,110,105,100,90,80,70","2,1,4,3","130,100,80",threshold,50000,409,6544,457,457,1069,5,788,0,0,27042,7001,540,140,0
upsets,3,50000,43824,400,100,60,300,10,2,linear_max,risk_policy,results/paper/tables/risk_policy_schedule_modified_delay.csv,results/paper/tables/risk_policy_level_map_modified_delay.csv,0,1,"120,115,110,105,100,90,80,70","2,1,4,3","130,100,80",fixed,50000,632,10112,502,502,1432,6,0,0,0,41582,10614,831,212,0
upsets,3,50000,43824,400,100,60,300,10,2,linear_max,risk_policy,results/paper/tables/risk_policy_schedule_modified_delay.csv,results/paper/tables/risk_policy_level_map_modified_delay.csv,0,1,"120,115,110,105,100,90,80,70","2,1,4,3","130,100,80",table,50000,432,6912,483,483,1058,5,1347,0,0,28563,7395,571,147,0
upsets,3,50000,43824,400,100,60,300,10,2,linear_max,risk_policy,results/paper/tables/risk_policy_schedule_modified_delay.csv,results/paper/tables/risk_policy_level_map_modified_delay.csv,0,1,"120,115,110,105,100,90,80,70","2,1,4,3","130,100,80",threshold,50000,409,6544,485,485,901,3,788,0,0,27070,7029,541,140,0
upsets,4,50000,43824,400,100,60,300,10,2,linear_max,risk_policy,results/paper/tables/risk_policy_schedule_modified_delay.csv,results/paper/tables/risk_policy_level_map_modified_delay.csv,0,1,"120,115,110,105,100,90,80,70","2,1,4,3","130,100,80",fixed,50000,632,10112,520,520,826,5,0,0,0,41600,10632,832,212,0
upsets,4,50000,43824,400,100,60,300,10,2,linear_max,risk_policy,results/paper/tables/risk_policy_schedule_modified_delay.csv,results/paper/tables/risk_policy_level_map_modified_delay.csv,0,1,"120,115,110,105,100,90,80,70","2,1,4,3","130,100,80",table,50000,432,6912,503,503,711,4,1347,0,0,28583,7415,571,148,0
upsets,4,50000,43824,400,100,60,300,10,2,linear_max,risk_policy,results/paper/tables/risk_policy_schedule_modified_delay.csv,results/paper/tables/risk_policy_level_map_modified_delay.csv,0,1,"120,115,110,105,100,90,80,70","2,1,4,3","130,100,80",threshold,50000,409,6544,502,502,763,6,788,0,0,27087,7046,541,140,0
upsets,5,50000,43824,400,100,60,300,10,2,linear_max,risk_policy,results/paper/tables/risk_policy_schedule_modified_delay.csv,results/paper/tables/risk_policy_level_map_modified_delay.csv,0,1,"120,115,110,105,100,90,80,70","2,1,4,3","130,100,80",fixed,50000,632,10112,499,499,702,6,0,0,0,41579,10611,831,212,0
upsets,5,50000,43824,400,100,60,300,10,2,linear_max,risk_policy,results/paper/tables/risk_policy_schedule_modified_delay.csv,results/paper/tables/risk_policy_level_map_modified_delay.csv,0,1,"120,115,110,105,100,90,80,70","2,1,4,3","130,100,80",table,50000,432,6912,486,486,640,8,1347,0,0,28566,7398,571,147,0
upsets,5,50000,43824,400,100,60,300,10,2,linear_max,risk_policy,results/paper/tables/risk_policy_schedule_modified_delay.csv,results/paper/tables/risk_policy_level_map_modified_delay.csv,0,1,"120,115,110,105,100,90,80,70","2,1,4,3","130,100,80",threshold,50000,409,6544,474,474,610,8,788,0,0,27059,7018,541,140,0
upsets,6,50000,43824,400,100,60,300,10,2,linear_max,risk_policy,results/paper/tables/risk_policy_schedule_modified_delay.csv,results/paper/tables/risk_policy_level_map_modified_delay.csv,0,1,"120,115,110,105,100,90,80,70","2,1,4,3","130,100,80",fixed,50000,632,10112,503,503,1520,8,0,0,0,41583,10615,831,212,0
upsets,6,50000,43824,400,100,60,300,10,2,linear_max,risk_policy,results/paper/tables/risk_policy_schedule_modified_delay.csv,results/paper/tables/risk_policy_level_map_modified_delay.csv,0,1,"120,115,110,105,100,90,80,70","2,1,4,3","130,100,80",table,50000,432,6912,497,497,718,8,1347,0,0,28577,7409,571,148,0
upsets,6,50000,43824,400,100,60,300,10,2,linear_max,risk_policy,results/paper/tables/risk_policy_schedule_modified_delay.csv,results/paper/tables/risk_policy_level_map_modified_delay.csv,0,1,"120,115,110,105,100,90,80,70","2,1,4,3","130,100,80",threshold,50000,409,6544,475,475,1226,7,788,0,0,27060,7019,541,140,0
upsets,7,50000,43824,400,100,60,300,10,2,linear_max,risk_policy,results/paper/tables/risk_policy_schedule_modified_delay.csv,results/paper/tables/risk_policy_level_map_modified_delay.csv,0,1,"120,115,110,105,100,90,80,70","2,1,4,3","130,100,80",fixed,50000,632,10112,499,499,1361,0,0,0,0,41579,10611,831,212,0
upsets,7,50000,43824,400,100,60,300,10,2,linear_max,risk_policy,results/paper/tables/risk_policy_schedule_modified_delay.csv,results/paper/tables/risk_policy_level_map_modified_delay.csv,0,1,"120,115,110,105,100,90,80,70","2,1,4,3","130,100,80",table,50000,432,6912,487,487,910,1,1347,0,0,28567,7399,571,147,0
upsets,7,50000,43824,400,100,60,300,10,2,linear_max,risk_policy,results/paper/tables/risk_policy_schedule_modified_delay.csv,results/paper/tables/risk_policy_level_map_modified_delay.csv,0,1,"120,115,110,105,100,90,80,70","2,1,4,3","130,100,80",threshold,50000,409,6544,479,479,936,0,788,0,0,27064,7023,541,140,0
upsets,8,50000,43824,400,100,60,300,10,2,linear_max,risk_policy,results/paper/tables/risk_policy_schedule_modified_delay.csv,results/paper/tables/risk_policy_level_map_modified_delay.csv,0,1,"120,115,110,105,100,90,80,70","2,1,4,3","130,100,80",fixed,50000,632,10112,502,502,923,4,0,0,0,41582,10614,831,212,0
upsets,8,50000,43824,400,100,60,300,10,2,linear_max,risk_policy,results/paper/tables/risk_policy_schedule_modified_delay.csv,results/paper/tables/risk_policy_level_map_modified_delay.csv,0,1,"120,115,110,105,100,90,80,70","2,1,4,3","130,100,80",table,50000,432,6912,484,484,789,3,1347,0,0,28564,7396,571,147,0
upsets,8,50000,43824,400,100,60,300,10,2,linear_max,risk_policy,results/paper/tables/risk_policy_schedule_modified_delay.csv,results/paper/tables/risk_policy_level_map_modified_delay.csv,0,1,"120,115,110,105,100,90,80,70","2,1,4,3","130,100,80",threshold,50000,409,6544,481,481,702,3,788,0,0,27066,7025,541,140,0
upsets,9,50000,43824,400,100,60,300,10,2,linear_max,risk_policy,results/paper/tables/risk_policy_schedule_modified_delay.csv,results/paper/tables/risk_policy_level_map_modified_delay.csv,0,1,"120,115,110,105,100,90,80,70","2,1,4,3","130,100,80",fixed,50000,632,10112,473,473,1427,4,0,0,0,41553,10585,831,211,0
upsets,9,50000,43824,400,100,60,300,10,2,linear_max,risk_policy,results/paper/tables/risk_policy_schedule_modified_delay.csv,results/paper/tables/risk_policy_level_map_modified_delay.csv,0,1,"120,115,110,105,100,90,80,70","2,1,4,3","130,100,80",table,50000,432,6912,481,481,879,1,1347,0,0,28561,7393,571,147,0
upsets,9,50000,43824,400,100,60,300,10,2,linear_max,risk_policy,results/paper/tables/risk_policy_schedule_modified_delay.csv,results/paper/tables/risk_policy_level_map_modified_delay.csv,0,1,"120,115,110,105,100,90,80,70","2,1,4,3","130,100,80",threshold,50000,409,6544,484,484,737,2,788,0,0,27069,7028,541,140,0
upsets,10,50000,43824,400,100,60,300,10,2,linear_max,risk_policy,results/paper/tables/risk_policy_schedule_modified_delay.csv,results/paper/tables/risk_policy_level_map_modified_delay.csv,0,1,"120,115,110,105,100,90,80,70","2,1,4,3","130,100,80",fixed,50000,632,10112,513,513,932,4,0,0,0,41593,10625,831,212,0
upsets,10,50000,43824,400,100,60,300,10,2,linear_max,risk_policy,results/paper/tables/risk_policy_schedule_modified_delay.csv,results/paper/tables/risk_policy_level_map_modified_delay.csv,0,1,"120,115,110,105,100,90,80,70","2,1,4,3","130,100,80",table,50000,432,6912,489,489,776,3,1347,0,0,28569,7401,571,148,0
upsets,10,50000,43824,400,100,60,300,10,2,linear_max,risk_policy,results/paper/tables/risk_policy_schedule_modified_delay.csv,results/paper/tables/risk_policy_level_map_modified_delay.csv,0,1,"120,115,110,105,100,90,80,70","2,1,4,3","130,100,80",threshold,50000,409,6544,475,475,872,3,788,0,0,27060,7019,541,140,0
upsets,11,50000,43824,400,100,60,300,10,2,linear_max,risk_policy,results/paper/tables/risk_policy_schedule_modified_delay.csv,results/paper/tables/risk_policy_level_map_modified_delay.csv,0,1,"120,115,110,105,100,90,80,70","2,1,4,3","130,100,80",fixed,50000,632,10112,506,506,861,4,0,0,0,41586,10618,831,212,0
upsets,11,50000,43824,400,100,60,300,10,2,linear_max,risk_policy,results/paper/tables/risk_policy_schedule_modified_delay.csv,results/paper/tables/risk_policy_level_map_modified_delay.csv,0,1,"120,115,110,105,100,90,80,70","2,1,4,3","130,100,80",table,50000,432,6912,501,501,688,3,1347,0,0,28581,7413,571,148,0
upsets,11,50000,43824,400,100,60,300,10,2,linear_max,risk_policy,results/paper/tables/risk_policy_schedule_modified_delay.csv,results/paper/tables/risk_policy_level_map_modified_delay.csv,0,1,"120,115,110,105,100,90,80,70","2,1,4,3","130,100,80",threshold,50000,409,6544,495,495,680,3,788,0,0,27080,7039,541,140,0
upsets,12,50000,43824,400,100,60,300,10,2,linear_max,risk_policy,results/paper/tables/risk_policy_schedule_modified_delay.csv,results/paper/tables/risk_policy_level_map_modified_delay.csv,0,1,"120,115,110,105,100,90,80,70","2,1,4,3","130,100,80",fixed,50000,632,10112,506,506,1040,2,0,0,0,41586,10618,831,212,0
upsets,12,50000,43824,400,100,60,300,10,2,linear_max,risk_policy,results/paper/tables/risk_policy_schedule_modified_delay.csv,results/paper/tables/risk_policy_level_map_modified_delay.csv,0,1,"120,115,110,105,100,90,80,70","2,1,4,3","130,100,80",table,50000,432,6912,485,485,899,2,1347,0,0,28565,7397,571,147,0
upsets,12,50000,43824,400,100,60,300,10,2,linear_max,risk_policy,results/paper/tables/risk_policy_schedule_modified_delay.csv,results/paper/tables/risk_policy_level_map_modified_delay.csv,0,1,"120,115,110,105,100,90,80,70","2,1,4,3","130,100,80",threshold,50000,409,6544,464,464,1166,1,788,0,0,27049,7008,540,140,0
upsets,13,50000,43824,400,100,60,300,10,2,linear_max,risk_policy,results/paper/tables/risk_policy_schedule_modified_delay.csv,results/paper/tables/risk_policy_level_map_modified_delay.csv,0,1,"120,115,110,105,100,90,80,70","2,1,4,3","130,100,80",fixed,50000,632,10112,507,507,998,6,0,0,0,41587,10619,831,212,0
upsets,13,50000,43824,400,100,60,300,10,2,linear_max,risk_policy,results/paper/tables/risk_policy_schedule_modified_delay.csv,results/paper/tables/risk_policy_level_map_modified_delay.csv,0,1,"120,115,110,105,100,90,80,70","2,1,4,3","130,100,80",table,50000,432,6912,476,476,932,7,1347,0,0,28556,7388,571,147,0
upsets,13,50000,43824,400,100,60,300,10,2,linear_max,risk_policy,results/paper/tables/risk_policy_schedule_modified_delay.csv,results/paper/tables/risk_policy_level_map_modified_delay.csv,0,1,"120,115,110,105,100,90,80,70","2,1,4,3","130,100,80",threshold,50000,409,6544,473,473,784,7,788,0,0,27058,7017,541,140,0
upsets,14,50000,43824,400,100,60,300,10,2,linear_max,risk_policy,results/paper/tables/risk_policy_schedule_modified_delay.csv,results/paper/tables/risk_policy_level_map_modified_delay.csv,0,1,"120,115,110,105,100,90,80,70","2,1,4,3","130,100,80",fixed,50000,632,10112,510,510,1053,4,0,0,0,41590,10622,831,212,0
upsets,14,50000,43824,400,100,60,300,10,2,linear_max,risk_policy,results/paper/tables/risk_policy_schedule_modified_delay.csv,results/paper/tables/risk_policy_level_map_modified_delay.csv,0,1,"120,115,110,105,100,90,80,70","2,1,4,3","130,100,80",table,50000,432,6912,442,442,1471,5,1347,0,0,28522,7354,570,147,0
upsets,14,50000,43824,400,100,60,300,10,2,linear_max,risk_policy,results/paper/tables/risk_policy_schedule_modified_delay.csv,results/paper/tables/risk_policy_level_map_modified_delay.csv,0,1,"120,115,110,105,100,90,80,70","2,1,4,3","130,100,80",threshold,50000,409,6544,484,484,922,6,788,0,0,27069,7028,541,140,0
upsets,15,50000,43824,400,100,60,300,10,2,linear_max,risk_policy,results/paper/tables/risk_policy_schedule_modified_delay.csv,results/paper/tables/risk_policy_level_map_modified_delay.csv,0,1,"120,115,110,105,100,90,80,70","2,1,4,3","130,100,80",fixed,50000,632,10112,490,490,1522,5,0,0,0,41570,10602,831,212,0
upsets,15,50000,43824,400,100,60,300,10,2,linear_max,risk_policy,results/paper/tables/risk_policy_schedule_modified_delay.csv,results/paper/tables/risk_policy_level_map_modified_delay.csv,0,1,"120,115,110,105,100,90,80,70","2,1,4,3","130,100,80",table,50000,432,6912,440,440,1634,6,1347,0,0,28520,7352,570,147,0
upsets,15,50000,43824,400,100,60,300,10,2,linear_max,risk_policy,results/paper/tables/risk_policy_schedule_modified_delay.csv,results/paper/tables/risk_policy_level_map_modified_delay.csv,0,1,"120,115,110,105,100,90,80,70","2,1,4,3","130,100,80",threshold,50000,409,6544,455,455,1109,7,788,0,0,27040,6999,540,139,0
upsets,16,50000,43824,400,100,60,300,10,2,linear_max,risk_policy,results/paper/tables/risk_policy_schedule_modified_delay.csv,results/paper/tables/risk_policy_level_map_modified_delay.csv,0,1,"120,115,110,105,100,90,80,70","2,1,4,3","130,100,80",fixed,50000,632,10112,511,511,1265,2,0,0,0,41591,10623,831,212,0
upsets,16,50000,43824,400,100,60,300,10,2,linear_max,risk_policy,results/paper/tables/risk_policy_schedule_modified_delay.csv,results/paper/tables/risk_policy_level_map_modified_delay.csv,0,1,"120,115,110,105,100,90,80,70","2,1,4,3","130,100,80",table,50000,432,6912,464,464,1187,4,1347,0,0,28544,7376,570,147,0
upsets,16,50000,43824,400,100,60,300,10,2,linear_max,risk_policy,results/paper/tables/risk_policy_schedule_modified_delay.csv,results/paper/tables/risk_policy_level_map_modified_delay.csv,0,1,"120,115,110,105,100,90,80,70","2,1,4,3","130,100,80",threshold,50000,409,6544,485,485,888,4,788,0,0,27070,7029,541,140,0
upsets,17,50000,43824,400,100,60,300,10,2,linear_max,risk_policy,results/paper/tables/risk_policy_schedule_modified_delay.csv,results/paper/tables/risk_policy_level_map_modified_delay.csv,0,1,"120,115,110,105,100,90,80,70","2,1,4,3","130,100,80",fixed,50000,632,10112,496,496,1232,8,0,0,0,41576,10608,831,212,0
upsets,17,50000,43824,400,100,60,300,10,2,linear_max,risk_policy,results/paper/tables/risk_policy_schedule_modified_delay.csv,results/paper/tables/risk_policy_level_map_modified_delay.csv,0,1,"120,115,110,105,100,90,80,70","2,1,4,3","130,100,80",table,50000,432,6912,461,461,1106,9,1347,0,0,28541,7373,570,147,0
upsets,17,50000,43824,400,100,60,300,10,2,linear_max,risk_policy,results/paper/tables/risk_policy_schedule_modified_delay.csv,results/paper/tables/risk_policy_level_map_modified_delay.csv,0,1,"120,115,110,105,100,90,80,70","2,1,4,3","130,100,80",threshold,50000,409,6544,464,464,1039,9,788,0,0,27049,7008,540,140,0
upsets,18,50000,43824,400,100,60,300,10,2,linear_max,risk_policy,results/paper/tables/risk_policy_schedule_modified_delay.csv,results/paper/tables/risk_policy_level_map_modified_delay.csv,0,1,"120,115,110,105,100,90,80,70","2,1,4,3","130,100,80",fixed,50000,632,10112,472,472,1666,3,0,0,0,41552,10584,831,211,0
upsets,18,50000,43824,400,100,60,300,10,2,linear_max,risk_policy,results/paper/tables/risk_policy_schedule_modified_delay.csv,results/paper/tables/risk_policy_level_map_modified_delay.csv,0,1,"120,115,110,105,100,90,80,70","2,1,4,3","130,100,80",table,50000,432,6912,468,468,1265,2,1347,0,0,28548,7380,570,147,0
upsets,18,50000,43824,400,100,60,300,10,2,linear_max,risk_policy,results/paper/tables/risk_policy_schedule_modified_delay.csv,results/paper/tables/risk_policy_level_map_modified_delay.csv,0,1,"120,115,110,105,100,90,80,70","2,1,4,3","130,100,80",threshold,50000,409,6544,467,467,908,1,788,0,0,27052,7011,541,140,0
upsets,19,50000,43824,400,100,60,300,10,2,linear_max,risk_policy,results/paper/tables/risk_policy_schedule_modified_delay.csv,results/paper/tables/risk_policy_level_map_modified_delay.csv,0,1,"120,115,110,105,100,90,80,70","2,1,4,3","130,100,80",fixed,50000,632,10112,490,490,1531,4,0,0,0,41570,10602,831,212,0
upsets,19,50000,43824,400,100,60,300,10,2,linear_max,risk_policy,results/paper/tables/risk_policy_schedule_modified_delay.csv,results/paper/tables/risk_policy_level_map_modified_delay.csv,0,1,"120,115,110,105,100,90,80,70","2,1,4,3","130,100,80",table,50000,432,6912,478,478,1111,4,1347,0,0,28558,7390,571,147,0
upsets,19,50000,43824,400,100,60,300,10,2,linear_max,risk_policy,results/paper/tables/risk_policy_schedule_modified_delay.csv,results/paper/tables/risk_policy_level_map_modified_delay.csv,0,1,"120,115,110,105,100,90,80,70","2,1,4,3","130,100,80",threshold,50000,409,6544,474,474,1079,4,788,0,0,27059,7018,541,140,0
upsets,20,50000,43824,400,100,60,300,10,2,linear_max,risk_policy,results/paper/tables/risk_policy_schedule_modified_delay.csv,results/paper/tables/risk_policy_level_map_modified_delay.csv,0,1,"120,115,110,105,100,90,80,70","2,1,4,3","130,100,80",fixed,50000,632,10112,495,495,1257,4,0,0,0,41575,10607,831,212,0
upsets,20,50000,43824,400,100,60,300,10,2,linear_max,risk_policy,results/paper/tables/risk_policy_schedule_modified_delay.csv,results/paper/tables/risk_policy_level_map_modified_delay.csv,0,1,"120,115,110,105,100,90,80,70","2,1,4,3","130,100,80",table,50000,432,6912,471,471,1004,3,1347,0,0,28551,7383,571,147,0
upsets,20,50000,43824,400,100,60,300,10,2,linear_max,risk_policy,results/paper/tables/risk_policy_schedule_modified_delay.csv,results/paper/tables/risk_policy_level_map_modified_delay.csv,0,1,"120,115,110,105,100,90,80,70","2,1,4,3","130,100,80",threshold,50000,409,6544,467,467,1133,3,788,0,0,27052,7011,541,140,0
upsets,21,50000,43824,400,100,60,300,10,2,linear_max,risk_policy,results/paper/tables/risk_policy_schedule_modified_delay.csv,results/paper/tables/risk_policy_level_map_modified_delay.csv,0,1,"120,115,110,105,100,90,80,70","2,1,4,3","130,100,80",fixed,50000,632,10112,474,474,1612,4,0,0,0,41554,10586,831,211,0
upsets,21,50000,43824,400,100,60,300,10,2,linear_max,risk_policy,results/paper/tables/risk_policy_schedule_modified_delay.csv,results/paper/tables/risk_policy_level_map_modified_delay.csv,0,1,"120,115,110,105,100,90,80,70","2,1,4,3","130,100,80",table,50000,432,6912,444,444,1423,5,1347,0,0,28524,7356,570,147,0
upsets,21,50000,43824,400,100,60,300,10,2,linear_max,risk_policy,results/paper/tables/risk_policy_schedule_modified_delay.csv,results/paper/tables/risk_policy_level_map_modified_delay.csv,0,1,"120,115,110,105,100,90,80,70","2,1,4,3","130,100,80",threshold,50000,409,6544,450,450,1428,5,788,0,0,27035,6994,540,139,0
upsets,22,50000,43824,400,100,60,300,10,2,linear_max,risk_policy,results/paper/tables/risk_policy_schedule_modified_delay.csv,results/paper/tables/risk_policy_level_map_modified_delay.csv,0,1,"120,115,110,105,100,90,80,70","2,1,4,3","130,100,80",fixed,50000,632,10112,516,516,1101,4,0,0,0,41596,10628,831,212,0
upsets,22,50000,43824,400,100,60,300,10,2,linear_max,risk_policy,results/paper/tables/risk_policy_schedule_modified_delay.csv,results/paper/tables/risk_policy_level_map_modified_delay.csv,0,1,"120,115,110,105,100,90,80,70","2,1,4,3","130,100,80",table,50000,432,6912,487,487,1029,4,1347,0,0,28567,7399,571,147,0
upsets,22,50000,43824,400,100,60,300,10,2,linear_max,risk_policy,results/paper/tables/risk_policy_schedule_modified_delay.csv,results/paper/tables/risk_policy_level_map_modified_delay.csv,0,1,"120,115,110,105,100,90,80,70","2,1,4,3","130,100,80",threshold,50000,409,6544,475,475,1215,5,788,0,0,27060,7019,541,140,0
upsets,23,50000,43824,400,100,60,300,10,2,linear_max,risk_policy,results/paper/tables/risk_policy_schedule_modified_delay.csv,results/paper/tables/risk_policy_level_map_modified_delay.csv,0,1,"120,115,110,105,100,90,80,70","2,1,4,3","130,100,80",fixed,50000,632,10112,474,474,1428,5,0,0,0,41554,10586,831,211,0
upsets,23,50000,43824,400,100,60,300,10,2,linear_max,risk_policy,results/paper/tables/risk_policy_schedule_modified_delay.csv,results/paper/tables/risk_policy_level_map_modified_delay.csv,0,1,"120,115,110,105,100,90,80,70","2,1,4,3","130,100,80",table,50000,432,6912,431,431,1374,6,1347,0,0,28511,7343,570,146,0
upsets,23,50000,43824,400,100,60,300,10,2,linear_max,risk_policy,results/paper/tables/risk_policy_schedule_modified_delay.csv,results/paper/tables/risk_policy_level_map_modified_delay.csv,0,1,"120,115,110,105,100,90,80,70","2,1,4,3","130,100,80",threshold,50000,409,6544,457,457,1268,6,788,0,0,27042,7001,540,140,0
upsets,24,50000,43824,400,100,60,300,10,2,linear_max,risk_policy,results/paper/tables/risk_policy_schedule_modified_delay.csv,results/paper/tables/risk_policy_level_map_modified_delay.csv,0,1,"120,115,110,105,100,90,80,70","2,1,4,3","130,100,80",fixed,50000,632,10112,475,475,1696,7,0,0,0,41555,10587,831,211,0
upsets,24,50000,43824,400,100,60,300,10,2,linear_max,risk_policy,results/paper/tables/risk_policy_schedule_modified_delay.csv,results/paper/tables/risk_policy_level_map_modified_delay.csv,0,1,"120,115,110,105,100,90,80,70","2,1,4,3","130,100,80",table,50000,432,6912,435,435,1437,5,1347,0,0,28515,7347,570,146,0
upsets,24,50000,43824,400,100,60,300,10,2,linear_max,risk_policy,results/paper/tables/risk_policy_schedule_modified_delay.csv,results/paper/tables/risk_policy_level_map_modified_delay.csv,0,1,"120,115,110,105,100,90,80,70","2,1,4,3","130,100,80",threshold,50000,409,6544,427,427,1596,5,788,0,0,27012,6971,540,139,0
upsets,25,50000,43824,400,100,60,300,10,2,linear_max,risk_policy,results/paper/tables/risk_policy_schedule_modified_delay.csv,results/paper/tables/risk_policy_level_map_modified_delay.csv,0,1,"120,115,110,105,100,90,80,70","2,1,4,3","130,100,80",fixed,50000,632,10112,451,451,2125,6,0,0,0,41531,10563,830,211,0
upsets,25,50000,43824,400,100,60,300,10,2,linear_max,risk_policy,results/paper/tables/risk_policy_schedule_modified_delay.csv,results/paper/tables/risk_policy_level_map_modified_delay.csv,0,1,"120,115,110,105,100,90,80,70","2,1,4,3","130,100,80",table,50000,432,6912,436,436,1596,6,1347,0,0,28516,7348,570,146,0
upsets,25,50000,43824,400,100,60,300,10,2,linear_max,risk_policy,results/paper/tables/risk_policy_schedule_modified_delay.csv,results/paper/tables/risk_policy_level_map_modified_delay.csv,0,1,"120,115,110,105,100,90,80,70","2,1,4,3","130,100,80",threshold,50000,409,6544,440,440,1428,7,788,0,0,27025,6984,540,139,0
upsets,26,50000,43824,400,100,60,300,10,2,linear_max,risk_policy,results/paper/tables/risk_policy_schedule_modified_delay.csv,results/paper/tables/risk_policy_level_map_modified_delay.csv,0,1,"120,115,110,105,100,90,80,70","2,1,4,3","130,100,80",fixed,50000,632,10112,510,510,943,4,0,0,0,41590,10622,831,212,0
upsets,26,50000,43824,400,100,60,300,10,2,linear_max,risk_policy,results/paper/tables/risk_policy_schedule_modified_delay.csv,results/paper/tables/risk_policy_level_map_modified_delay.csv,0,1,"120,115,110,105,100,90,80,70","2,1,4,3","130,100,80",table,50000,432,6912,483,483,813,4,1347,0,0,28563,7395,571,147,0
upsets,26,50000,43824,400,100,60,300,10,2,linear_max,risk_policy,results/paper/tables/risk_policy_schedule_modified_delay.csv,results/paper/tables/risk_policy_level_map_modified_delay.csv,0,1,"120,115,110,105,100,90,80,70","2,1,4,3","130,100,80",threshold,50000,409,6544,463,463,957,6,788,0,0,27048,7007,540,140,0
upsets,27,50000,43824,400,100,60,300,10,2,linear_max,risk_policy,results/paper/tables/risk_policy_schedule_modified_delay.csv,results/paper/tables/risk_policy_level_map_modified_delay.csv,0,1,"120,115,110,105,100,90,80,70","2,1,4,3","130,100,80",fixed,50000,632,10112,516,516,867,5,0,0,0,41596,10628,831,212,0
upsets,27,50000,43824,400,100,60,300,10,2,linear_max,risk_policy,results/paper/tables/risk_policy_schedule_modified_delay.csv,results/paper/tables/risk_policy_level_map_modified_delay.csv,0,1,"120,115,110,105,100,90,80,70","2,1,4,3","130,100,80",table,50000,432,6912,478,478,961,4,1347,0,0,28558,7390,571,147,0
upsets,27,50000,43824,400,100,60,300,10,2,linear_max,risk_policy,results/paper/tables/risk_policy_schedule_modified_delay.csv,results/paper/tables/risk_policy_level_map_modified_delay.csv,0,1,"120,115,110,105,100,90,80,70","2,1,4,3","130,100,80",threshold,50000,409,6544,468,468,997,5,788,0,0,27053,7012,541,140,0
upsets,28,50000,43824,400,100,60,300,10,2,linear_max,risk_policy,results/paper/tables/risk_policy_schedule_modified_delay.csv,results/paper/tables/risk_policy_level_map_modified_delay.csv,0,1,"120,115,110,105,100,90,80,70","2,1,4,3","130,100,80",fixed,50000,632,10112,478,478,1583,4,0,0,0,41558,10590,831,211,0
upsets,28,50000,43824,400,100,60,300,10,2,linear_max,risk_policy,results/paper/tables/risk_policy_schedule_modified_delay.csv,results/paper/tables/risk_policy_level_map_modified_delay.csv,0,1,"120,115,110,105,100,90,80,70","2,1,4,3","130,100,80",table,50000,432,6912,440,440,1237,2,1347,0,0,28520,7352,570,147,0
upsets,28,50000,43824,400,100,60,300,10,2,linear_max,risk_policy,results/paper/tables/risk_policy_schedule_modified_delay.csv,results/paper/tables/risk_policy_level_map_modified_delay.csv,0,1,"120,115,110,105,100,90,80,70","2,1,4,3","130,100,80",threshold,50000,409,6544,455,455,1156,3,788,0,0,27040,6999,540,139,0
upsets,29,50000,43824,400,100,60,300,10,2,linear_max,risk_policy,results/paper/tables/risk_policy_schedule_modified_delay.csv,results/paper/tables/risk_policy_level_map_modified_delay.csv,0,1,"120,115,110,105,100,90,80,70","2,1,4,3","130,100,80",fixed,50000,632,10112,495,495,1441,4,0,0,0,41575,10607,831,212,0
upsets,29,50000,43824,400,100,60,300,10,2,linear_max,risk_policy,results/paper/tables/risk_policy_schedule_modified_delay.csv,results/paper/tables/risk_policy_level_map_modified_delay.csv,0,1,"120,115,110,105,100,90,80,70","2,1,4,3","130,100,80",table,50000,432,6912,473,473,1072,4,1347,0,0,28553,7385,571,147,0
upsets,29,50000,43824,400,100,60,300,10,2,linear_max,risk_policy,results/paper/tables/risk_policy_schedule_modified_delay.csv,results/paper/tables/risk_policy_level_map_modified_delay.csv,0,1,"120,115,110,105,100,90,80,70","2,1,4,3","130,100,80",threshold,50000,409,6544,444,444,1247,6,788,0,0,27029,6988,540,139,0
upsets,30,50000,43824,400,100,60,300,10,2,linear_max,risk_policy,results/paper/tables/risk_policy_schedule_modified_delay.csv,results/paper/tables/risk_policy_level_map_modified_delay.csv,0,1,"120,115,110,105,100,90,80,70","2,1,4,3","130,100,80",fixed,50000,632,10112,520,520,869,5,0,0,0,41600,10632,832,212,0
upsets,30,50000,43824,400,100,60,300,10,2,linear_max,risk_policy,results/paper/tables/risk_policy_schedule_modified_delay.csv,results/paper/tables/risk_policy_level_map_modified_delay.csv,0,1,"120,115,110,105,100,90,80,70","2,1,4,3","130,100,80",table,50000,432,6912,504,504,626,4,1347,0,0,28584,7416,571,148,0
upsets,30,50000,43824,400,100,60,300,10,2,linear_max,risk_policy,results/paper/tables/risk_policy_schedule_modified_delay.csv,results/paper/tables/risk_policy_level_map_modified_delay.csv,0,1,"120,115,110,105,100,90,80,70","2,1,4,3","130,100,80",threshold,50000,409,6544,472,472,847,5,788,0,0,27057,7016,541,140,0
