seed,pair_id,first_cycle,second_cycle,gap_actual,gap_preferred,first_shift,second_shift,first_address,second_address,same_address,first_level,second_level,max_level,first_aggressive,second_aggressive,any_aggressive
1,0,60066,62722,2656,2656,0,0,197,197,1,2,2,2,0,0,0
1,1,71101,72508,1407,1407,0,0,33,33,1,2,2,2,0,0,0
1,2,15274,17751,2477,2477,0,0,90,90,1,2,1,2,0,0,0
1,3,14885,17406,2521,2521,0,0,33,33,1,1,1,1,0,0,0
1,4,491793,492769,976,976,0,0,154,154,1,0,0,0,0,0,0
1,5,153021,155063,2042,2042,0,0,244,244,1,1,1,1,0,0,0
1,6,220512,222359,1847,1847,0,0,76,76,1,0,0,0,0,0,0
1,7,405398,408274,2876,2876,0,0,33,33,1,0,0,0,0,0,0
1,8,122030,124330,2300,2300,0,0,12,12,1,1,2,2,0,0,0
1,9,12877,13941,1064,1064,0,0,7,7,1,2,1,2,0,0,0
1,10,486179,488158,1979,1979,0,0,17,17,1,6,0,6,1,0,1
1,11,159671,160574,903,903,0,0,42,42,1,1,1,1,0,0,0
1,12,167918,169888,1970,1970,0,0,1,1,1,1,1,1,0,0,0
1,13,66388,68466,2078,2078,0,0,75,75,1,2,2,2,0,0,0
1,14,93506,95760,2254,2254,0,0,215,215,1,1,1,1,0,0,0
1,15,233844,235508,1664,1664,0,0,32,32,1,0,1,1,0,0,0
1,16,196043,198269,2226,2226,0,0,42,42,1,1,1,1,0,0,0
1,17,130615,132309,1694,1694,0,0,144,144,1,1,1,1,0,0,0
1,18,65493,67054,1561,1561,0,0,245,245,1,2,2,2,0,0,0
1,19,366446,368280,1834,1834,0,0,38,38,1,0,0,0,0,0,0
1,20,480623,482614,1991,1991,0,0,68,68,1,1,0,1,0,0,0
1,21,375627,377717,2090,2090,0,0,14,14,1,0,1,1,0,0,0
1,22,445121,446391,1270,1270,0,0,217,217,1,0,0,0,0,0,0
1,23,38051,39604,1553,1553,0,0,62,62,1,2,2,2,0,0,0
1,24,359568,360972,1404,1404,0,0,233,233,1,0,0,0,0,0,0
1,25,480545,482045,1500,1500,0,0,4,4,1,0,0,0,0,0,0
1,26,52570,53302,732,732,0,0,20,20,1,2,2,2,0,0,0
1,27,182094,183040,946,946,0,0,17,17,1,1,1,1,0,0,0
1,28,141991,143448,1457,1457,0,0,251,251,1,1,1,1,0,0,0
1,29,122465,124395,1930,1930,0,0,37,37,1,1,2,2,0,0,0
1,30,59394,60737,1343,1343,0,0,152,152,1,2,2,2,0,0,0
1,31,111589,114130,2541,2541,0,0,10,10,1,2,1,2,0,0,0
1,32,384376,386747,2371,2371,0,0,175,175,1,0,0,0,0,0,0
1,33,61618,63939,2321,2321,0,0,253,253,1,2,2,2,0,0,0
1,34,486213,489067,2854,2854,0,0,230,230,1,6,0,6,1,0,1
1,35,86111,88859,2748,2748,0,0,132,132,1,1,1,1,0,0,0
1,36,230980,231640,660,660,0,0,234,234,1,0,0,0,0,0,0
1,37,172294,173844,1550,1550,0,0,243,243,1,1,1,1,0,0,0
1,38,419256,421428,2172,2172,0,0,56,56,1,0,0,0,0,0,0
1,39,342254,343901,1647,1647,0,0,27,27,1,0,1,1,0,0,0
2,0,280005,282032,2027,2027,0,0,221,221,1,0,0,0,0,0,0
2,1,132259,133280,1021,1021,0,0,2,2,1,1,1,1,0,0,0
2,2,382179,383016,837,837,0,0,246,246,1,3,1,3,0,0,0
2,3,486331,488781,2450,2450,0,0,19,19,1,6,0,6,1,0,1
2,4,243185,245948,2763,2763,0,0,110,110,1,1,1,1,0,0,0
2,5,148912,151373,2461,2461,0,0,87,87,1,1,1,1,0,0,0
2,6,238706,240532,1826,1826,0,0,63,63,1,0,1,1,0,0,0
2,7,100664,101376,712,712,0,0,139,139,1,1,1,1,0,0,0
2,8,246041,249004,2963,2963,0,0,127,127,1,1,1,1,0,0,0
2,9,310754,312747,1993,1993,0,0,108,108,1,2,0,2,0,0,0
2,10,110761,112143,1382,1382,0,0,248,248,1,1,1,1,0,0,0
2,11,311002,312215,1213,1213,0,0,213,213,1,2,0,2,0,0,0
2,12,185266,186537,1271,1271,0,0,53,53,1,1,1,1,0,0,0
2,13,322618,325256,2638,2638,0,0,141,141,1,3,0,3,0,0,0
2,14,196088,198041,1953,1953,0,0,0,0,1,1,1,1,0,0,0
2,15,128314,129325,1011,1011,0,0,215,215,1,1,1,1,0,0,0
2,16,132096,133847,1751,1751,0,0,130,130,1,1,1,1,0,0,0
2,17,66939,68969,2030,2030,0,0,181,181,1,2,2,2,0,0,0
2,18,36941,37743,802,802,0,0,153,153,1,2,2,2,0,0,0
2,19,78982,80631,1649,1649,0,0,135,135,1,2,2,2,0,0,0
2,20,178586,180519,1933,1933,0,0,238,238,1,1,1,1,0,0,0
2,21,123650,124593,943,943,0,0,76,76,1,4,1,4,0,0,0
2,22,159032,161244,2212,2212,0,0,41,41,1,1,1,1,0,0,0
2,23,239747,242197,2450,2450,0,0,247,247,1,1,0,1,0,0,0
2,24,388867,391504,2637,2637,0,0,215,215,1,0,0,0,0,0,0
2,25,3421,4361,940,940,0,0,134,134,1,1,1,1,0,0,0
2,26,264254,264990,736,736,0,0,203,203,1,0,0,0,0,0,0
2,27,80487,83160,2673,2673,0,0,200,200,1,2,2,2,0,0,0
2,28,57723,59407,1684,1684,0,0,3,3,1,1,2,2,0,0,0
2,29,58339,59754,1415,1415,0,0,97,97,1,2,2,2,0,0,0
2,30,7804,8921,1117,1117,0,0,127,127,1,1,1,1,0,0,0
2,31,90114,92268,2154,2154,0,0,102,102,1,1,1,1,0,0,0
2,32,385307,387632,2325,2325,0,0,36,36,1,0,0,0,0,0,0
2,33,297141,298328,1187,1187,0,0,236,236,1,0,0,0,0,0,0
2,34,377855,379559,1704,1704,0,0,218,218,1,0,0,0,0,0,0
2,35,250368,253012,2644,2644,0,0,242,242,1,1,0,1,0,0,0
2,36,185039,186724,1685,1685,0,0,161,161,1,1,1,1,0,0,0
2,37,17217,19526,2309,2309,0,0,94,94,1,2,1,2,0,0,0
2,38,377250,379024,1774,1774,0,0,100,100,1,4,0,4,0,0,0
2,39,76757,79408,2651,2651,0,0,172,172,1,2,2,2,0,0,0
3,0,15291,16307,1016,1016,0,0,198,198,1,2,1,2,0,0,0
3,1,486188,488611,2423,2423,0,0,114,114,1,6,0,6,1,0,1
3,2,104842,105465,623,623,0,0,80,80,1,1,2,2,0,0,0
3,3,123662,124654,992,992,0,0,58,58,1,4,1,4,0,0,0
3,4,82831,84429,1598,1598,0,0,207,207,1,2,2,2,0,0,0
3,5,68759,70747,1988,1988,0,0,135,135,1,2,2,2,0,0,0
3,6,180329,181785,1456,1456,0,0,157,157,1,0,0,0,0,0,0
3,7,167922,170373,2451,2451,0,0,145,145,1,1,1,1,0,0,0
3,8,178981,181377,2396,2396,0,0,86,86,1,1,0,1,0,0,0
3,9,497245,499999,2754,2754,0,0,37,37,1,0,0,0,0,0,0
3,10,377162,379726,2564,2564,0,0,10,10,1,5,0,5,0,0,0
3,11,241899,244438,2539,2539,0,0,245,245,1,0,1,1,0,0,0
3,12,281162,283172,2010,2010,0,0,241,241,1,0,0,0,0,0,0
3,13,377148,378997,1849,1849,0,0,45,45,1,4,0,4,0,0,0
3,14,486357,487422,1065,1065,0,0,121,121,1,6,0,6,1,0,1
3,15,185605,187808,2203,2203,0,0,71,71,1,1,1,1,0,0,0
3,16,175003,176835,1832,1832,0,0,3,3,1,1,1,1,0,0,0
3,17,282072,284155,2083,2083,0,0,215,215,1,0,0,0,0,0,0
3,18,138559,140760,2201,2201,0,0,14,14,1,1,1,1,0,0,0
3,19,335813,338383,2570,2570,0,0,242,242,1,5,0,5,0,0,0
3,20,32429,34493,2064,2064,0,0,245,245,1,2,1,2,0,0,0
3,21,322503,323933,1430,1430,0,0,29,29,1,3,0,3,0,0,0
3,22,235227,236026,799,799,0,0,197,197,1,2,0,2,0,0,0
3,23,261189,262190,1001,1001,0,0,231,231,1,0,0,0,0,0,0
3,24,204539,206865,2326,2326,0,0,193,193,1,0,0,0,0,0,0
3,25,333042,335135,2093,2093,0,0,186,186,1,0,0,0,0,0,0
3,26,67762,70516,2754,2754,0,0,100,100,1,2,2,2,0,0,0
3,27,327504,329796,2292,2292,0,0,205,205,1,0,0,0,0,0,0
3,28,169593,172252,2659,2659,0,0,102,102,1,1,1,1,0,0,0
3,29,256471,257309,838,838,0,0,11,11,1,1,2,2,0,0,0
3,30,486459,487457,998,998,0,0,202,202,1,5,0,5,0,0,0
3,31,34641,35740,1099,1099,0,0,150,150,1,1,1,1,0,0,0
3,32,139001,141330,2329,2329,0,0,80,80,1,1,1,1,0,0,0
3,33,92775,95413,2638,2638,0,0,14,14,1,1,1,1,0,0,0
3,34,221938,222612,674,674,0,0,162,162,1,0,0,0,0,0,0
3,35,486426,487903,1477,1477,0,0,101,101,1,6,0,6,1,0,1
3,36,74049,76244,2195,2195,0,0,170,170,1,2,2,2,0,0,0
3,37,200886,202850,1964,1964,0,0,106,106,1,1,1,1,0,0,0
3,38,171975,172581,606,606,0,0,122,122,1,1,1,1,0,0,0
3,39,24351,27349,2998,2998,0,0,176,176,1,1,2,2,0,0,0
4,0,204455,207055,2600,2600,0,0,28,28,1,0,1,1,0,0,0
4,1,359731,361306,1575,1575,0,0,81,81,1,0,0,0,0,0,0
4,2,154947,156127,1180,1180,0,0,208,208,1,1,1,1,0,0,0
4,3,96198,97212,1014,1014,0,0,227,227,1,1,1,1,0,0,0
4,4,32040,33531,1491,1491,0,0,194,194,1,2,1,2,0,0,0
4,5,19722,20729,1007,1007,0,0,1,1,1,1,1,1,0,0,0
4,6,164919,167469,2550,2550,0,0,219,219,1,1,1,1,0,0,0
4,7,456000,457292,1292,1292,0,0,79,79,1,0,0,0,0,0,0
4,8,284585,287245,2660,2660,0,0,252,252,1,0,0,0,0,0,0
4,9,245013,247216,2203,2203,0,0,213,213,1,1,1,1,0,0,0
4,10,143659,145093,1434,1434,0,0,187,187,1,1,1,1,0,0,0
4,11,451256,453735,2479,2479,0,0,185,185,1,0,0,0,0,0,0
4,12,343450,344865,1415,1415,0,0,193,193,1,6,0,6,1,0,1
4,13,492812,493991,1179,1179,0,0,197,197,1,0,0,0,0,0,0
4,14,382462,383604,1142,1142,0,0,169,169,1,3,0,3,0,0,0
4,15,254115,256739,2624,2624,0,0,150,150,1,2,0,2,0,0,0
4,16,138847,140670,1823,1823,0,0,227,227,1,1,1,1,0,0,0
4,17,382168,382869,701,701,0,0,163,163,1,3,2,3,0,0,0
4,18,157677,158801,1124,1124,0,0,155,155,1,1,1,1,0,0,0
4,19,224658,226128,1470,1470,0,0,110,110,1,0,0,0,0,0,0
4,20,168936,170435,1499,1499,0,0,20,20,1,1,1,1,0,0,0
4,21,208755,210285,1530,1530,0,0,90,90,1,0,0,0,0,0,0
4,22,217227,218350,1123,1123,0,0,170,170,1,0,0,0,0,0,0
4,23,449837,452434,2597,2597,0,0,95,95,1,0,0,0,0,0,0
4,24,251714,253818,2104,2104,0,0,122,122,1,1,1,1,0,0,0
4,25,26273,28280,2007,2007,0,0,119,119,1,1,2,2,0,0,0
4,26,377429,378202,773,773,0,0,77,77,1,4,0,4,0,0,0
4,27,311072,313113,2041,2041,0,0,71,71,1,2,0,2,0,0,0
4,28,369115,371486,2371,2371,0,0,165,165,1,1,1,1,0,0,0
4,29,280610,281436,826,826,0,0,205,205,1,0,0,0,0,0,0
4,30,52770,55546,2776,2776,0,0,96,96,1,2,2,2,0,0,0
4,31,15434,18397,2963,2963,0,0,7,7,1,2,1,2,0,0,0
4,32,130680,132429,1749,1749,0,0,13,13,1,1,1,1,0,0,0
4,33,18749,21422,2673,2673,0,0,98,98,1,1,2,2,0,0,0
4,34,25722,28359,2637,2637,0,0,236,236,1,2,2,2,0,0,0
4,35,183304,185677,2373,2373,0,0,140,140,1,1,1,1,0,0,0
4,36,397215,398084,869,869,0,0,64,64,1,0,0,0,0,0,0
4,37,486325,488448,2123,2123,0,0,91,91,1,6,0,6,1,0,1
4,38,76149,77803,1654,1654,0,0,10,10,1,2,2,2,0,0,0
4,39,65640,68313,2673,2673,0,0,221,221,1,2,2,2,0,0,0
5,0,382389,384872,2483,2483,0,0,177,177,1,3,0,3,0,0,0
5,1,207724,210414,2690,2690,0,0,211,211,1,1,0,1,0,0,0
5,2,40743,43089,2346,2346,0,0,224,224,1,1,2,2,0,0,0
5,3,365022,366875,1853,1853,0,0,55,55,1,0,0,0,0,0,0
5,4,46645,49071,2426,2426,0,0,21,21,1,2,2,2,0,0,0
5,5,23310,24105,795,795,0,0,150,150,1,2,2,2,0,0,0
5,6,12032,13582,1550,1550,0,0,151,151,1,2,1,2,0,0,0
5,7,301224,303986,2762,2762,0,0,202,202,1,0,0,0,0,0,0
5,8,112317,113643,1326,1326,0,0,45,45,1,2,1,2,0,0,0
5,9,113915,115634,1719,1719,0,0,59,59,1,1,1,1,0,0,0
5,10,496408,498848,2440,2440,0,0,74,74,1,0,0,0,0,0,0
5,11,82376,84439,2063,2063,0,0,210,210,1,5,2,5,0,0,0
5,12,76953,78845,1892,1892,0,0,79,79,1,2,2,2,0,0,0
5,13,39116,41577,2461,2461,0,0,18,18,1,2,1,2,0,0,0
5,14,299205,300803,1598,1598,0,0,13,13,1,0,0,0,0,0,0
5,15,32989,34844,1855,1855,0,0,177,177,1,2,1,2,0,0,0
5,16,61849,62635,786,786,0,0,139,139,1,2,2,2,0,0,0
5,17,15690,17129,1439,1439,0,0,169,169,1,2,1,2,0,0,0
5,18,146631,148738,2107,2107,0,0,62,62,1,1,1,1,0,0,0
5,19,39454,41331,1877,1877,0,0,56,56,1,2,1,2,0,0,0
5,20,76866,78847,1981,1981,0,0,138,138,1,2,2,2,0,0,0
5,21,55604,57806,2202,2202,0,0,5,5,1,2,2,2,0,0,0
5,22,405393,406944,1551,1551,0,0,111,111,1,0,0,0,0,0,0
5,23,82443,83440,997,997,0,0,133,133,1,5,2,5,0,0,0
5,24,39636,40839,1203,1203,0,0,126,126,1,1,1,1,0,0,0
5,25,486338,487925,1587,1587,0,0,3,3,1,6,0,6,1,0,1
5,26,180442,182361,1919,1919,0,0,162,162,1,1,1,1,0,0,0
5,27,84065,87056,2991,2991,0,0,4,4,1,2,1,2,0,0,0
5,28,465883,467417,1534,1534,0,0,154,154,1,0,0,0,0,0,0
5,29,64187,65757,1570,1570,0,0,111,111,1,2,2,2,0,0,0
5,30,343455,344900,1445,1445,0,0,60,60,1,6,0,6,1,0,1
5,31,68359,70954,2595,2595,0,0,156,156,1,2,2,2,0,0,0
5,32,221325,222689,1364,1364,0,0,48,48,1,0,0,0,0,0,0
5,33,486240,488786,2546,2546,0,0,154,154,1,6,0,6,1,0,1
5,34,231561,232837,1276,1276,0,0,159,159,1,0,0,0,0,0,0
5,35,406601,409127,2526,2526,0,0,172,172,1,0,0,0,0,0,0
5,36,194777,197204,2427,2427,0,0,99,99,1,1,1,1,0,0,0
5,37,57282,59924,2642,2642,0,0,15,15,1,2,2,2,0,0,0
5,38,82367,83628,1261,1261,0,0,40,40,1,6,2,6,1,0,1
5,39,243907,244968,1061,1061,0,0,117,117,1,1,1,1,0,0,0
6,0,127258,129328,2070,2070,0,0,179,179,1,1,1,1,0,0,0
6,1,243179,243891,712,712,0,0,124,124,1,1,1,1,0,0,0
6,2,486342,489109,2767,2767,0,0,212,212,1,6,0,6,1,0,1
6,3,61827,64489,2662,2662,0,0,13,13,1,2,2,2,0,0,0
6,4,91258,93864,2606,2606,0,0,79,79,1,2,1,2,0,0,0
6,5,486217,487382,1165,1165,0,0,172,172,1,6,0,6,1,0,1
6,6,190804,193470,2666,2666,0,0,233,233,1,1,1,1,0,0,0
6,7,151092,153392,2300,2300,0,0,100,100,1,1,1,1,0,0,0
6,8,311187,313177,1990,1990,0,0,0,0,1,1,0,1,0,0,0
6,9,376818,378754,1936,1936,0,0,49,49,1,0,0,0,0,0,0
6,10,322545,324833,2288,2288,0,0,149,149,1,3,0,3,0,0,0
6,11,102418,103347,929,929,0,0,61,61,1,1,1,1,0,0,0
6,12,108208,108966,758,758,0,0,234,234,1,1,1,1,0,0,0
6,13,74476,76762,2286,2286,0,0,139,139,1,2,2,2,0,0,0
6,14,54210,56395,2185,2185,0,0,69,69,1,2,2,2,0,0,0
6,15,461462,462115,653,653,0,0,48,48,1,0,0,0,0,0,0
6,16,486223,489035,2812,2812,0,0,5,5,1,6,0,6,1,0,1
6,17,51657,52667,1010,1010,0,0,62,62,1,2,2,2,0,0,0
6,18,128629,130949,2320,2320,0,0,195,195,1,1,1,1,0,0,0
6,19,486330,488532,2202,2202,0,0,46,46,1,6,0,6,1,0,1
6,20,19552,21531,1979,1979,0,0,183,183,1,1,1,1,0,0,0
6,21,361757,364170,2413,2413,0,0,100,100,1,0,0,0,0,0,0
6,22,99924,100814,890,890,0,0,99,99,1,1,1,1,0,0,0
6,23,218013,219871,1858,1858,0,0,210,210,1,1,2,2,0,0,0
6,24,165478,167992,2514,2514,0,0,250,250,1,1,1,1,0,0,0
6,25,378180,379824,1644,1644,0,0,20,20,1,0,0,0,0,0,0
6,26,147252,148999,1747,1747,0,0,50,50,1,1,1,1,0,0,0
6,27,17377,19242,1865,1865,0,0,55,55,1,2,1,2,0,0,0
6,28,117320,118888,1568,1568,0,0,251,251,1,1,1,1,0,0,0
6,29,200614,202621,2007,2007,0,0,81,81,1,1,1,1,0,0,0
6,30,112740,114996,2256,2256,0,0,187,187,1,2,1,2,0,0,0
6,31,18507,19622,1115,1115,0,0,90,90,1,1,1,1,0,0,0
6,32,183176,184628,1452,1452,0,0,120,120,1,1,1,1,0,0,0
6,33,97138,98296,1158,1158,0,0,136,136,1,1,1,1,0,0,0
6,34,50464,53351,2887,2887,0,0,2,2,1,2,2,2,0,0,0
6,35,59885,62528,2643,2643,0,0,44,44,1,2,2,2,0,0,0
6,36,67149,68769,1620,1620,0,0,130,130,1,2,2,2,0,0,0
6,37,116826,118155,1329,1329,0,0,195,195,1,1,1,1,0,0,0
6,38,438916,440424,1508,1508,0,0,28,28,1,0,0,0,0,0,0
6,39,446862,447491,629,629,0,0,179,179,1,0,0,0,0,0,0
7,0,129159,131163,2004,2004,0,0,107,107,1,1,1,1,0,0,0
7,1,343522,346226,2704,2704,0,0,182,182,1,4,0,4,0,0,0
7,2,118359,120082,1723,1723,0,0,6,6,1,1,1,1,0,0,0
7,3,246016,248338,2322,2322,0,0,180,180,1,1,1,1,0,0,0
7,4,69066,70113,1047,1047,0,0,112,112,1,2,2,2,0,0,0
7,5,52597,54065,1468,1468,0,0,98,98,1,2,2,2,0,0,0
7,6,377991,379516,1525,1525,0,0,180,180,1,0,0,0,0,0,0
7,7,343474,345279,1805,1805,0,0,64,64,1,5,0,5,0,0,0
7,8,80156,81699,1543,1543,0,0,129,129,1,2,2,2,0,0,0
7,9,985,3557,2572,2572,0,0,183,183,1,1,2,2,0,0,0
7,10,157009,158921,1912,1912,0,0,43,43,1,1,1,1,0,0,0
7,11,409809,411650,1841,1841,0,0,43,43,1,0,0,0,0,0,0
7,12,185496,186671,1175,1175,0,0,7,7,1,1,1,1,0,0,0
7,13,262736,263630,894,894,0,0,51,51,1,0,0,0,0,0,0
7,14,58867,60423,1556,1556,0,0,177,177,1,2,1,2,0,0,0
7,15,370141,372389,2248,2248,0,0,46,46,1,0,0,0,0,0,0
7,16,164673,166081,1408,1408,0,0,40,40,1,1,1,1,0,0,0
7,17,39128,42001,2873,2873,0,0,119,119,1,2,1,2,0,0,0
7,18,200137,202756,2619,2619,0,0,239,239,1,1,1,1,0,0,0
7,19,166743,168352,1609,1609,0,0,3,3,1,1,1,1,0,0,0
7,20,303721,306237,2516,2516,0,0,151,151,1,0,0,0,0,0,0
7,21,132711,135055,2344,2344,0,0,38,38,1,1,1,1,0,0,0
7,22,7404,8120,716,716,0,0,169,169,1,2,1,2,0,0,0
7,23,159526,162109,2583,2583,0,0,17,17,1,1,1,1,0,0,0
7,24,102385,103504,1119,1119,0,0,187,187,1,1,1,1,0,0,0
7,25,198273,201025,2752,2752,0,0,145,145,1,1,1,1,0,0,0
7,26,76077,78407,2330,2330,0,0,148,148,1,2,2,2,0,0,0
7,27,126434,129056,2622,2622,0,0,139,139,1,1,1,1,0,0,0
7,28,261535,262968,1433,1433,0,0,169,169,1,0,0,0,0,0,0
7,29,42007,43832,1825,1825,0,0,44,44,1,1,2,2,0,0,0
7,30,443760,446630,2870,2870,0,0,25,25,1,0,0,0,0,0,0
7,31,2364,3408,1044,1044,0,0,243,243,1,1,1,1,0,0,0
7,32,465746,468397,2651,2651,0,0,192,192,1,1,0,1,0,0,0
7,33,66024,66963,939,939,0,0,234,234,1,2,2,2,0,0,0
7,34,427226,428568,1342,1342,0,0,51,51,1,0,0,0,0,0,0
7,35,365344,366512,1168,1168,0,0,132,132,1,0,0,0,0,0,0
7,36,12036,14363,2327,2327,0,0,220,220,1,2,1,2,0,0,0
7,37,166514,167337,823,823,0,0,20,20,1,1,1,1,0,0,0
7,38,303526,306482,2956,2956,0,0,228,228,1,0,0,0,0,0,0
7,39,224396,226581,2185,2185,0,0,79,79,1,0,1,1,0,0,0
8,0,459128,460943,1815,1815,0,0,137,137,1,0,0,0,0,0,0
8,1,72021,73454,1433,1433,0,0,21,21,1,2,2,2,0,0,0
8,2,117332,118919,1587,1587,0,0,35,35,1,1,1,1,0,0,0
8,3,66381,68715,2334,2334,0,0,46,46,1,2,2,2,0,0,0
8,4,341615,342936,1321,1321,0,0,12,12,1,0,0,0,0,0,0
8,5,311659,313588,1929,1929,0,0,42,42,1,2,0,2,0,0,0
8,6,180329,181335,1006,1006,0,0,85,85,1,0,0,0,0,0,0
8,7,343675,346576,2901,2901,0,0,128,128,1,2,0,2,0,0,0
8,8,473120,475119,1999,1999,0,0,170,170,1,0,0,0,0,0,0
8,9,211504,213954,2450,2450,0,0,244,244,1,0,0,0,0,0,0
8,10,31928,32856,928,928,0,0,161,161,1,2,1,2,0,0,0
8,11,307604,309548,1944,1944,0,0,211,211,1,2,0,2,0,0,0
8,12,82427,83958,1531,1531,0,0,123,123,1,5,2,5,0,0,0
8,13,35536,37108,1572,1572,0,0,131,131,1,1,1,1,0,0,0
8,14,323729,326040,2311,2311,0,0,16,16,1,0,0,0,0,0,0
8,15,190645,193560,2915,2915,0,0,179,179,1,1,1,1,0,0,0
8,16,168175,170862,2687,2687,0,0,118,118,1,1,1,1,0,0,0
8,17,302952,305383,2431,2431,0,0,34,34,1,0,0,0,0,0,0
8,18,32279,34949,2670,2670,0,0,33,33,1,2,1,2,0,0,0
8,19,11624,13126,1502,1502,0,0,167,167,1,1,2,2,0,0,0
8,20,165370,167070,1700,1700,0,0,39,39,1,1,1,1,0,0,0
8,21,22211,23599,1388,1388,0,0,106,106,1,1,2,2,0,0,0
8,22,290739,292892,2153,2153,0,0,151,151,1,0,0,0,0,0,0
8,23,372657,375609,2952,2952,0,0,3,3,1,0,0,0,0,0,0
8,24,38204,41131,2927,2927,0,0,136,136,1,1,1,1,0,0,0
8,25,338317,339425,1108,1108,0,0,190,190,1,0,0,0,0,0,0
8,26,123765,124446,681,681,0,0,94,94,1,2,2,2,0,0,0
8,27,486477,487391,914,914,0,0,25,25,1,5,0,5,0,0,0
8,28,80047,82618,2571,2571,0,0,123,123,1,2,3,3,0,0,0
8,29,82950,83943,993,993,0,0,248,248,1,2,2,2,0,0,0
8,30,57569,58743,1174,1174,0,0,227,227,1,2,1,2,0,0,0
8,31,197340,198560,1220,1220,0,0,145,145,1,1,1,1,0,0,0
8,32,450006,451820,1814,1814,0,0,117,117,1,0,0,0,0,0,0
8,33,486276,488949,2673,2673,0,0,12,12,1,6,0,6,1,0,1
8,34,142281,143052,771,771,0,0,188,188,1,1,1,1,0,0,0
8,35,81640,84352,2712,2712,0,0,249,249,1,2,2,2,0,0,0
8,36,436984,437659,675,675,0,0,154,154,1,0,0,0,0,0,0
8,37,246655,248791,2136,2136,0,0,255,255,1,1,1,1,0,0,0
8,38,183610,185797,2187,2187,0,0,182,182,1,1,1,1,0,0,0
8,39,35186,36945,1759,1759,0,0,173,173,1,1,2,2,0,0,0
9,0,70149,71794,1645,1645,0,0,59,59,1,2,2,2,0,0,0
9,1,5551,8276,2725,2725,0,0,186,186,1,1,1,1,0,0,0
9,2,338198,340084,1886,1886,0,0,190,190,1,0,0,0,0,0,0
9,3,486318,487293,975,975,0,0,248,248,1,6,0,6,1,0,1
9,4,448559,449279,720,720,0,0,192,192,1,0,0,0,0,0,0
9,5,335882,337386,1504,1504,0,0,174,174,1,4,0,4,0,0,0
9,6,66623,67783,1160,1160,0,0,43,43,1,2,2,2,0,0,0
9,7,186162,188779,2617,2617,0,0,90,90,1,1,1,1,0,0,0
9,8,371429,373313,1884,1884,0,0,207,207,1,1,0,1,0,0,0
9,9,391105,391723,618,618,0,0,18,18,1,0,0,0,0,0,0
9,10,370870,372250,1380,1380,0,0,80,80,1,1,0,1,0,0,0
9,11,337270,339955,2685,2685,0,0,95,95,1,0,0,0,0,0,0
9,12,360780,362546,1766,1766,0,0,158,158,1,0,0,0,0,0,0
9,13,486326,487695,1369,1369,0,0,181,181,1,6,0,6,1,0,1
9,14,298035,300542,2507,2507,0,0,121,121,1,0,0,0,0,0,0
9,15,486342,487070,728,728,0,0,96,96,1,6,1,6,1,0,1
9,16,140121,143071,2950,2950,0,0,173,173,1,1,1,1,0,0,0
9,17,335797,337536,1739,1739,0,0,55,55,1,5,0,5,0,0,0
9,18,192977,194608,1631,1631,0,0,30,30,1,1,1,1,0,0,0
9,19,135557,137649,2092,2092,0,0,68,68,1,1,1,1,0,0,0
9,20,157728,160571,2843,2843,0,0,173,173,1,1,1,1,0,0,0
9,21,274090,275696,1606,1606,0,0,17,17,1,0,0,0,0,0,0
9,22,101764,103747,1983,1983,0,0,108,108,1,1,1,1,0,0,0
9,23,60320,62117,1797,1797,0,0,104,104,1,2,2,2,0,0,0
9,24,339834,341351,1517,1517,0,0,233,233,1,0,0,0,0,0,0
9,25,133122,134977,1855,1855,0,0,8,8,1,1,2,2,0,0,0
9,26,107841,109149,1308,1308,0,0,190,190,1,1,1,1,0,0,0
9,27,157754,159819,2065,2065,0,0,0,0,1,1,1,1,0,0,0
9,28,141108,143325,2217,2217,0,0,232,232,1,1,2,2,0,0,0
9,29,118185,119665,1480,1480,0,0,249,249,1,1,1,1,0,0,0
9,30,234283,235992,1709,1709,0,0,89,89,1,0,0,0,0,0,0
9,31,200209,202777,2568,2568,0,0,5,5,1,1,1,1,0,0,0
9,32,70842,72702,1860,1860,0,0,211,211,1,2,2,2,0,0,0
9,33,238216,239941,1725,1725,0,0,85,85,1,1,1,1,0,0,0
9,34,59713,60839,1126,1126,0,0,6,6,1,2,2,2,0,0,0
9,35,222465,224240,1775,1775,0,0,235,235,1,0,0,0,0,0,0
9,36,51143,53894,2751,2751,0,0,49,49,1,2,2,2,0,0,0
9,37,144526,146465,1939,1939,0,0,239,239,1,1,1,1,0,0,0
9,38,331866,333909,2043,2043,0,0,59,59,1,0,0,0,0,0,0
9,39,82398,84007,1609,1609,0,0,199,199,1,5,2,5,0,0,0
10,0,442937,445696,2759,2759,0,0,20,20,1,0,0,0,0,0,0
10,1,142446,143421,975,975,0,0,101,101,1,2,2,2,0,0,0
10,2,415906,417237,1331,1331,0,0,250,250,1,0,0,0,0,0,0
10,3,52486,54352,1866,1866,0,0,28,28,1,2,2,2,0,0,0
10,4,89335,90237,902,902,0,0,226,226,1,1,1,1,0,0,0
10,5,68205,70219,2014,2014,0,0,233,233,1,2,2,2,0,0,0
10,6,172204,173610,1406,1406,0,0,64,64,1,1,1,1,0,0,0
10,7,60782,61650,868,868,0,0,153,153,1,2,2,2,0,0,0
10,8,84742,86184,1442,1442,0,0,104,104,1,2,1,2,0,0,0
10,9,58854,59495,641,641,0,0,137,137,1,2,2,2,0,0,0
10,10,173472,174452,980,980,0,0,202,202,1,1,1,1,0,0,0
10,11,28391,29241,850,850,0,0,141,141,1,2,2,2,0,0,0
10,12,380443,383375,2932,2932,0,0,137,137,1,0,1,1,0,0,0
10,13,367580,368685,1105,1105,0,0,88,88,1,1,0,1,0,0,0
10,14,249404,250702,1298,1298,0,0,67,67,1,0,0,0,0,0,0
10,15,163933,164974,1041,1041,0,0,157,157,1,1,1,1,0,0,0
10,16,244709,246867,2158,2158,0,0,187,187,1,1,1,1,0,0,0
10,17,73724,74582,858,858,0,0,184,184,1,2,2,2,0,0,0
10,18,260081,260731,650,650,0,0,123,123,1,1,0,1,0,0,0
10,19,226442,228795,2353,2353,0,0,196,196,1,1,1,1,0,0,0
10,20,311422,312817,1395,1395,0,0,234,234,1,1,0,1,0,0,0
10,21,203563,206110,2547,2547,0,0,237,237,1,1,0,1,0,0,0
10,22,34806,36503,1697,1697,0,0,149,149,1,2,2,2,0,0,0
10,23,157869,160439,2570,2570,0,0,218,218,1,1,1,1,0,0,0
10,24,354678,356392,1714,1714,0,0,124,124,1,0,0,0,0,0,0
10,25,226495,228760,2265,2265,0,0,227,227,1,1,1,1,0,0,0
10,26,18461,20873,2412,2412,0,0,205,205,1,1,2,2,0,0,0
10,27,159141,160694,1553,1553,0,0,85,85,1,1,1,1,0,0,0
10,28,233391,235081,1690,1690,0,0,232,232,1,1,1,1,0,0,0
10,29,117424,119155,1731,1731,0,0,164,164,1,1,1,1,0,0,0
10,30,96425,98220,1795,1795,0,0,17,17,1,1,1,1,0,0,0
10,31,20454,22957,2503,2503,0,0,82,82,1,1,2,2,0,0,0
10,32,447813,450031,2218,2218,0,0,148,148,1,0,0,0,0,0,0
10,33,224964,227843,2879,2879,0,0,44,44,1,0,1,1,0,0,0
10,34,382146,384316,2170,2170,0,0,184,184,1,3,0,3,0,0,0
10,35,302091,304258,2167,2167,0,0,255,255,1,0,0,0,0,0,0
10,36,322622,323884,1262,1262,0,0,241,241,1,3,0,3,0,0,0
10,37,140179,142118,1939,1939,0,0,57,57,1,1,1,1,0,0,0
10,38,486387,487127,740,740,0,0,227,227,1,6,1,6,1,0,1
10,39,126655,129604,2949,2949,0,0,92,92,1,1,1,1,0,0,0
