0,2
136,1
1426,2
1437,1
3217,2
3228,1
3274,2
3354,1
3377,2
3399,1
3502,2
3628,1
3639,2
3650,1
3662,2
3673,1
3844,2
3890,1
4130,2
4141,1
4152,2
4164,1
4381,2
4392,1
4415,2
4461,1
4472,2
4483,1
4666,2
4723,1
4917,2
5008,1
5020,2
5031,1
5191,2
5293,1
5476,2
5544,1
5750,2
5761,1
5773,2
5807,1
6069,2
6092,1
6297,2
6320,1
6343,2
6366,1
6594,2
6651,1
6879,2
6891,1
6936,2
6948,1
6971,2
6982,1
7096,2
7256,1
7279,2
7290,1
7324,2
7336,1
7358,2
7552,1
7564,2
7575,1
7609,2
7655,1
7667,2
7678,1
7689,2
7735,1
7746,2
7758,1
7781,2
7792,1
7906,2
8020,1
8214,2
8226,1
8237,2
8248,1
8522,2
8556,1
8796,2
8819,1
9047,2
9081,1
9298,2
9481,1
9515,2
10005,1
10108,2
10142,1
10428,2
10439,1
10758,2
10770,1
10964,2
10975,1
10987,2
11009,1
11044,2
11055,1
11774,2
11831,1
11991,2
12219,1
12230,2
12447,1
12573,2
12652,1
12846,2
12995,1
13109,2
13314,1
13337,2
13531,1
13713,2
13759,1
13793,2
13805,1
14010,2
14021,1
14215,2
14238,1
14261,2
14273,1
14763,2
14866,1
15094,2
15185,1
15197,2
15470,1
15482,2
15493,1
15596,2
15744,1
15847,2
15870,1
15881,2
15950,1
15961,2
15984,1
16121,2
16189,1
16246,2
16269,1
16349,2
16383,1
16417,2
16532,1
16703,2
16714,1
16748,2
16760,1
16954,2
17102,1
17182,2
17399,1
17410,2
17433,1
17467,2
17479,1
17490,2
17558,1
17581,2
17593,1
17604,2
17615,1
17775,2
17958,1
18083,2
18095,1
18334,2
18357,1
18368,2
18391,1
18403,2
18414,1
20217,2
20228,1
20240,2
20251,1
20262,2
20274,1
20285,2
20354,1
20559,2
20582,1
20833,2
20890,1
21072,2
21095,1
21107,2
21129,1
21141,2
21198,1
21346,2
21426,1
21928,2
21940,1
21951,2
21974,1
21997,2
22008,1
22430,2
22578,1
22693,2
22704,1
22750,2
22772,1
22795,2
22852,1
22944,2
23092,1
23195,2
23434,1
23525,2
23674,1
23788,2
23936,1
24050,2
24062,1
24073,2
24084,1
24096,2
24187,1
24335,2
24347,1
24358,2
24507,1
24621,2
24826,1
24837,2
25043,1
25146,2
25248,1
25260,2
25362,1
25374,2
25385,1
25397,2
25625,1
25670,2
25842,1
25990,2
26104,1
26275,2
26298,1
26309,2
26401,1
26560,2
26674,1
26800,2
26811,1
26823,2
26834,1
26846,2
26960,1
27097,2
27245,1
27348,2
27530,1
27599,2
27792,1
27872,2
29538,1
30131,2
30177,1
30200,2
30234,1
30245,2
30257,1
30280,2
30531,1
30633,2
30736,1
30919,2
30930,1
30953,2
30998,1
31021,2
31067,1
31158,2
31215,1
31238,2
31341,1
31375,2
31489,1
31512,2
32562,1
32584,2
32687,1
32858,2
32927,1
32938,2
32995,1
33098,2
33212,1
33235,2
33269,1
33360,2
33372,1
33406,2
33509,1
33657,2
33668,1
33691,2
33725,1
33976,2
33999,1
34011,2
34022,1
34250,2
34284,1
34558,2
34581,1
34798,2
34821,1
35368,2
35380,1
35608,2
35653,1
35665,2
35676,1
36098,2
36338,1
36349,2
36566,1
36578,2
36589,1
36623,2
36749,1
36772,2
36806,1
36897,2
37091,1
37182,2
37376,1
37468,2
37582,1
37593,2
37662,1
37707,2
37901,1
37913,2
37924,1
38015,2
38061,1
38072,2
38186,1
38289,2
38323,1
38335,2
38472,1
38483,2
38506,1
38540,2
38757,1
38768,2
38780,1
38802,2
39624,1
39658,2
39852,1
39989,2
40080,1
40103,2
40126,1
40137,2
40149,1
40172,2
40662,1
41929,2
41940,1
41974,2
41986,1
42157,2
42305,1
42396,2
42579,1
42693,2
42841,1
42864,2
42876,1
42955,2
43104,1
43229,2
43423,1
43446,2
43891,1
44062,2
44074,1
44085,2
44096,1
44108,2
44153,1
44279,2
45340,1
45386,2
45397,1
45408,2
45420,1
45443,2
45534,1
45659,2
45671,1
45694,2
45705,1
45762,2
45774,1
45956,2
46139,1
46184,2
46435,1
46469,2
46698,1
46778,2
46937,1
46960,2
46971,1
47040,2
47234,1
47302,2
47508,1
47610,2
47622,1
47633,2
47770,1
47896,2
48078,1
48101,2
48352,1
48386,2
48637,1
48660,2
48900,1
48911,2
48922,1
48957,2
49208,1
49242,2
56589,1
56612,2
56635,1
56647,2
56704,1
56726,2
56738,1
56955,2
57114,1
57228,2
57331,1
57354,2
57365,1
57377,2
57388,1
57445,2
57628,1
57776,2
57902,1
58027,2
58141,1
58312,2
58381,1
58598,2
58734,1
58803,2
59065,1
59077,2
59293,1
59362,2
59544,1
59647,2
60389,1
60457,2
60640,1
60651,2
60674,1
60685,2
60708,1
60720,2
60891,1
60902,2
60948,1
60959,2
61279,1
61290,2
61302,1
61324,2
61393,1
61427,2
61461,1
61495,2
61507,1
61530,2
82340,5
82352,6
82374,5
82454,4
82614,3
82831,2
85135,1
91251,2
91262,1
98895,2
98906,1
99123,2
99226,1
99454,2
99466,1
102706,2
102774,1
104645,2
104657,1
104851,2
104862,1
105216,2
105227,3
105239,4
105261,3
105330,2
105478,1
107863,2
107874,1
107908,2
107920,1
109871,2
109882,1
109905,2
109916,1
110110,2
110133,1
110145,2
110202,1
110681,2
110692,1
111468,2
111525,1
111537,2
111548,1
111559,2
111594,1
112061,2
112073,1
112187,2
112221,1
112233,2
112255,1
112278,2
112404,1
112495,2
112506,1
112518,2
112529,1
112552,2
113111,1
117241,2
117275,1
117983,2
117994,1
118017,2
118097,1
118108,2
118120,1
118816,2
118850,1
120002,2
120014,1
121645,2
121657,3
121668,2
121736,1
122957,2
122969,1
123003,2
123049,1
123242,2
123311,1
123630,3
123642,4
123665,3
123722,2
123881,1
124292,2
124520,1
125022,3
125057,2
125228,1
128422,2
128434,1
128673,2
128685,1
128753,2
128765,1
129073,2
129084,1
129255,2
129289,1
129312,2
129324,1
134241,2
134252,1
134275,2
134287,1
134492,2
134515,1
134732,2
134823,1
134971,2
134983,1
135005,2
135028,1
135393,2
135405,1
135770,2
135838,1
135850,2
135861,1
137276,2
137287,1
137458,2
137470,1
137515,2
137538,1
137550,2
137584,1
137744,2
137835,1
138017,2
138029,1
138052,2
138063,1
138109,2
138120,1
139398,2
139432,1
139489,2
139501,1
141406,2
141417,1
141543,2
141566,1
141589,2
141691,1
141840,2
141862,1
141874,2
141897,1
141908,2
141954,1
142091,2
142102,1
142136,2
142170,1
142182,2
142193,1
142410,2
142490,1
142661,2
142695,1
142707,2
142764,1
142878,2
142889,1
142935,2
142958,1
142969,2
143049,1
143129,2
143140,1
143163,2
143197,1
143209,2
143368,1
143391,2
143403,1
143414,2
143448,1
143505,2
143631,1
143711,2
143882,1
143893,2
143905,1
143962,2
144110,1
144121,2
144133,1
144327,2
144452,1
144532,2
144544,1
144566,2
144601,1
144680,2
144692,1
150693,2
150705,1
150716,2
150727,1
151777,2
151811,1
151868,2
151891,1
155029,2
155052,1
156592,2
156603,1
165251,2
165308,1
167784,0
167864,1
167876,0
167898,1
168058,0
168070,1
175600,0
175679,1
179559,0
179604,1
179627,0
179650,1
179775,0
179787,1
179798,0
179867,1
180038,0
180106,1
180118,0
180129,1
180323,0
180426,1
180551,0
180563,1
180574,0
180700,1
180871,0
181886,1
181909,0
181932,1
181943,0
182034,1
182046,0
182057,1
182137,0
182149,1
182217,0
182228,1
182240,0
182263,1
182285,0
182308,1
182491,0
182525,1
182628,0
182639,1
183096,0
183130,1
203838,0
205047,1
205058,0
205925,1
205948,0
206051,1
206074,0
206131,1
206165,0
206188,1
206507,0
206519,1
206621,0
206736,1
206747,0
206770,1
206850,0
206975,1
207203,0
207226,1
207260,0
207272,1
207466,0
207477,1
207728,0
207785,1
207808,0
207842,1
207899,0
207922,1
207945,0
208150,1
208253,0
208333,1
208356,0
208367,1
208481,0
209440,1
209474,0
209485,1
209519,0
209554,1
209633,0
209748,1
209805,0
209816,1
209850,0
214916,1
214927,2
214950,1
215190,2
215372,1
215646,0
217996,1
218031,0
218259,1
218282,0
219377,1
219388,2
219411,3
219423,2
219548,1
219822,2
219936,1
220107,0
220119,1
220164,0
221202,1
221214,0
224990,1
225070,0
225093,1
225230,0
225333,1
225390,0
225401,1
225458,0
225492,1
225504,0
225515,1
225527,0
225572,1
225595,0
225606,1
225721,0
225732,1
225766,0
225835,1
225846,0
225857,1
226040,0
226166,1
226884,0
227341,1
227352,0
227409,1
227421,0
227443,1
227466,0
227489,1
227500,0
227512,1
227957,0
227980,1
228014,0
228025,1
228516,0
228527,1
228550,0
228561,1
229086,0
229098,1
229349,0
229451,1
229611,0
229668,1
229737,0
229771,1
229782,0
229794,1
229816,0
229896,1
229908,0
229942,1
230010,0
230022,1
230147,0
230159,1
230204,0
230216,1
230227,0
230239,1
230250,0
230501,1
230855,0
231996,1
232053,0
232224,1
232235,0
232269,1
232281,0
232703,1
232714,0
233125,1
233137,0
233251,1
233262,0
233274,1
233410,0
233582,1
233639,0
234711,1
235202,2
235259,1
235293,2
235418,1
235715,0
235726,1
235749,0
237084,1
237107,0
237426,1
237438,0
237506,1
237598,0
237643,1
237655,0
237677,1
237700,0
237712,1
237723,0
238043,1
238065,0
238111,1
238202,0
238214,1
238225,0
238237,1
238373,0
238430,1
238453,0
238522,1
238590,0
238602,1
238624,0
238716,1
238727,0
238898,1
238933,0
238944,1
238955,0
238978,1
239012,0
239149,1
239161,0
239526,1
239537,0
239571,1
239606,0
239617,1
239628,0
239651,1
239663,0
239674,1
240051,0
240062,1
240142,0
240188,1
240199,0
240222,1
240233,0
240313,1
240564,0
240575,1
241077,0
241089,1
241100,0
241123,1
241146,0
241157,1
241328,0
242367,1
242378,0
242401,1
242481,0
242492,1
242515,0
242526,1
242595,0
242606,1
242641,0
242652,1
249246,0
249406,1
249418,0
249532,1
249566,0
249600,1
249612,0
250045,1
250057,0
250296,1
250308,0
250342,1
250399,0
250547,1
250627,0
250844,1
250946,0
251072,1
251095,0
251106,1
251197,0
251209,1
251220,0
251437,1
251448,0
251460,1
251483,0
251494,1
251517,0
251620,1
251642,0
251654,1
251779,0
251791,1
251802,0
251825,1
251836,0
251859,1
252019,0
252099,1
252144,0
253536,1
253730,0
253742,1
253844,0
254107,2
254141,3
254164,2
254278,1
254974,0
255955,1
256594,0
256617,1
256628,0
257039,1
257062,2
257073,1
257165,2
257256,1
257267,2
257313,1
257655,0
257712,1
257781,0
257815,1
257826,0
259138,1
259469,0
259606,1
259686,0
259823,1
260576,0
260587,1
260622,0
265642,1
265653,0
265676,1
265699,0
265881,1
265893,0
266474,2
266509,1
266760,0
266771,1
266794,0
281512,1
281523,0
281945,1
281968,0
300611,1
300657,0
300668,1
300794,0
300839,1
300851,0
300896,1
300930,0
307559,2
307685,1
307696,2
307730,1
307833,0
310685,1
310697,2
311176,1
311381,0
311404,1
311427,2
311450,3
311461,2
311484,3
311507,2
311826,1
311986,2
311997,1
312180,0
312237,1
312248,0
312511,1
312522,2
312534,1
312614,0
322346,1
322391,2
322460,3
322745,2
322791,1
323019,0
335592,1
335626,2
335649,1
335729,3
335763,4
335797,5
335820,4
335946,3
336014,2
336117,1
336254,0
336391,1
336516,2
336562,1
336573,2
336607,1
337246,0
338524,1
338535,0
338558,1
338638,0
343396,4
343407,6
343464,5
343498,4
343544,3
343624,2
343795,1
344069,0
344491,1
344765,0
344776,1
344788,0
355706,1
355718,2
355729,3
355843,2
355866,3
355878,2
356060,1
356334,0
359437,1
359529,0
367298,1
367412,0
367424,1
367492,0
367572,1
367618,0
367732,1
367743,0
368975,1
368998,0
369032,1
369204,0
370436,1
371520,0
371531,1
371542,0
371554,1
371759,0
377087,2
377099,3
377122,4
377156,5
377224,4
377441,3
377452,4
377521,3
377578,2
377601,1
377806,0
381891,1
381959,2
382073,3
382552,2
382940,1
383294,0
383305,1
383408,0
389033,2
389044,5
389056,6
389067,5
389090,4
389113,3
389181,2
389307,1
389387,0
393597,1
393619,0
401115,1
401252,0
415115,1
415217,0
424618,1
425006,0
425018,1
425029,0
425063,1
425075,0
435674,1
435685,0
436005,1
436016,0
436381,1
436427,0
441265,1
441356,2
441493,3
441527,2
441550,1
441664,0
441675,1
441698,0
441755,1
441801,0
451350,1
451373,0
451385,1
451396,0
451579,1
451590,0
458116,1
458127,0
458196,1
458207,0
459291,1
459303,0
461721,1
461733,0
462269,1
462280,0
462292,1
462315,0
463079,1
463091,0
463113,1
463136,0
464357,1
464380,0
464448,1
464460,0
464494,1
464517,0
464597,1
465863,0
466673,1
466741,0
466810,1
466890,0
468316,1
468373,0
480570,1
480661,2
480672,1
480775,0
480798,1
480855,0
485898,1
486149,3
486160,5
486171,6
486286,5
486308,6
486445,5
486548,4
486605,3
486662,2
486810,1
486959,2
486970,1
487278,0
487347,1
487369,0
