strategy,cycle,scrub_cycle_count,selected_interval,effective_wait_interval,last_pass_duration,current_level,threshold_state,safe_mode_active,control_age,corrected_error_count,uncorrectable_error_count,memory_read_count,memory_write_count
fixed,2269,1,1244,217,1027,1,0,0,832,1,0,256,1
fixed,3515,2,1244,214,1030,2,0,0,13,5,0,512,5
fixed,4755,3,1244,217,1027,1,0,0,32,6,0,768,6
fixed,5999,4,1244,216,1028,1,0,0,192,8,0,1024,8
fixed,7242,5,1244,216,1028,2,0,0,146,10,0,1280,10
fixed,8484,6,1244,217,1027,1,0,0,236,11,0,1536,11
fixed,9727,7,1244,217,1027,2,0,0,212,12,0,1792,12
fixed,10969,8,1244,218,1026,2,0,0,5,12,0,2048,12
fixed,12214,9,1244,216,1028,2,0,0,223,14,0,2304,14
fixed,13456,10,1244,217,1027,2,0,0,119,15,0,2560,15
fixed,14698,11,1244,218,1026,1,0,0,425,15,0,2816,15
fixed,15944,12,1244,215,1029,2,0,0,63,18,0,3072,18
fixed,17184,13,1244,218,1026,2,0,0,2,18,0,3328,18
fixed,18430,14,1244,215,1029,1,0,0,16,21,0,3584,21
fixed,19671,15,1244,217,1027,1,0,0,1257,22,0,3840,22
fixed,20920,16,1244,211,1033,1,0,0,30,29,0,4096,29
fixed,22157,17,1244,217,1027,1,0,0,149,30,0,4352,30
fixed,23400,18,1244,217,1027,2,0,0,205,31,0,4608,31
fixed,24643,19,1244,217,1027,2,0,0,22,32,0,4864,32
fixed,25886,20,1244,217,1027,1,0,0,44,33,0,5120,33
fixed,27130,21,1244,216,1028,2,0,0,33,35,0,5376,35
fixed,28371,22,1244,218,1026,2,0,0,499,35,0,5632,35
fixed,29615,23,1244,217,1027,1,0,0,77,36,0,5888,36
fixed,30857,24,1244,218,1026,1,0,0,121,36,0,6144,36
fixed,32101,25,1244,217,1027,2,0,0,589,37,0,6400,37
fixed,33344,26,1244,217,1027,1,0,0,75,38,0,6656,38
fixed,34587,27,1244,217,1027,1,0,0,6,39,0,6912,39
fixed,35830,28,1244,217,1027,1,0,0,154,40,0,7168,40
fixed,37073,29,1244,217,1027,2,0,0,176,41,0,7424,41
fixed,38316,30,1244,217,1027,2,0,0,27,42,0,7680,42
fixed,39562,31,1244,214,1030,2,0,0,760,46,0,7936,46
fixed,40802,32,1244,217,1027,1,0,0,140,47,0,8192,47
fixed,42045,33,1244,217,1027,1,0,0,59,48,0,8448,48
fixed,43287,34,1244,218,1026,2,0,0,58,48,0,8704,48
fixed,44530,35,1244,218,1026,2,0,0,251,48,0,8960,48
fixed,45773,36,1244,218,1026,2,0,0,11,48,0,9216,48
fixed,47018,37,1244,216,1028,1,0,0,47,50,0,9472,50
fixed,48260,38,1244,217,1027,2,0,0,159,51,0,9728,51
fixed,49503,39,1244,217,1027,2,0,0,261,52,0,9984,52
fixed,50745,40,1244,218,1026,2,0,0,1503,52,0,10240,52
fixed,51991,41,1244,215,1029,2,0,0,2749,55,0,10496,55
fixed,53235,42,1244,214,1030,2,0,0,3993,59,0,10752,59
fixed,54479,43,1244,213,1031,2,0,0,5237,64,0,11008,64
fixed,55719,44,1244,216,1028,2,0,0,6477,66,0,11264,66
fixed,56963,45,1244,215,1029,2,0,0,8,69,0,11520,69
fixed,58205,46,1244,216,1028,1,0,0,64,71,0,11776,71
fixed,59448,47,1244,216,1028,2,0,0,86,73,0,12032,73
fixed,60690,48,1244,217,1027,2,0,0,5,74,0,12288,74
fixed,61935,49,1244,215,1029,2,0,0,405,77,0,12544,77
fixed,63177,50,1244,216,1028,2,0,0,1647,79,0,12800,79
fixed,64421,51,1244,215,1029,2,0,0,2891,82,0,13056,82
fixed,65664,52,1244,215,1029,2,0,0,4134,85,0,13312,85
fixed,66907,53,1244,215,1029,2,0,0,5377,88,0,13568,88
fixed,68150,54,1244,215,1029,2,0,0,6620,91,0,13824,91
fixed,69394,55,1244,214,1030,2,0,0,7864,95,0,14080,95
fixed,70635,56,1244,216,1028,2,0,0,9105,97,0,14336,97
fixed,71878,57,1244,216,1028,2,0,0,10348,99,0,14592,99
fixed,73121,58,1244,216,1028,2,0,0,11591,101,0,14848,101
fixed,74363,59,1244,217,1027,2,0,0,12833,102,0,15104,102
fixed,75609,60,1244,214,1030,2,0,0,14079,106,0,15360,106
fixed,76852,61,1244,214,1030,2,0,0,15322,110,0,15616,110
fixed,78098,62,1244,211,1033,2,0,0,16568,117,0,15872,117
fixed,79334,63,1244,218,1026,2,0,0,17804,117,0,16128,117
fixed,80582,64,1244,213,1031,2,0,0,19052,122,0,16384,122
fixed,81821,65,1244,217,1027,2,0,0,20291,123,0,16640,123
fixed,83067,66,1244,214,1030,2,1,0,236,127,0,16896,127
fixed,84308,67,1244,216,1028,2,1,0,1477,129,0,17152,129
fixed,85549,68,1244,218,1026,1,0,0,414,129,0,17408,129
fixed,86794,69,1244,216,1028,1,0,0,1659,131,0,17664,131
fixed,88036,70,1244,217,1027,1,0,0,2901,132,0,17920,132
fixed,89278,71,1244,218,1026,1,0,0,4143,132,0,18176,132
fixed,90522,72,1244,217,1027,1,0,0,5387,133,0,18432,133
fixed,91765,73,1244,217,1027,1,0,0,503,134,0,18688,134
fixed,93009,74,1244,216,1028,1,0,0,1747,136,0,18944,136
fixed,94250,75,1244,218,1026,1,0,0,2988,136,0,19200,136
fixed,95498,76,1244,213,1031,1,0,0,4236,141,0,19456,141
fixed,96736,77,1244,218,1026,1,0,0,5474,141,0,19712,141
fixed,97980,78,1244,217,1027,1,0,0,6718,142,0,19968,142
fixed,99224,79,1244,216,1028,2,0,0,101,144,0,20224,144
fixed,100465,80,1244,218,1026,1,0,0,999,144,0,20480,144
fixed,101709,81,1244,217,1027,1,0,0,2243,145,1,20736,145
fixed,102951,82,1244,218,1026,1,0,0,177,145,2,20992,145
fixed,104194,83,1244,218,1026,1,0,0,1420,145,4,21248,145
fixed,105438,84,1244,217,1027,2,1,0,108,146,6,21504,146
fixed,106681,85,1244,217,1027,1,0,0,1203,147,8,21760,147
fixed,107926,86,1244,215,1029,1,0,0,6,150,10,22016,150
fixed,109166,87,1244,218,1026,1,0,0,1246,150,13,22272,150
fixed,110410,88,1244,217,1027,1,0,0,208,151,16,22528,151
fixed,111655,89,1244,215,1029,1,0,0,61,154,19,22784,154
fixed,112897,90,1244,216,1028,2,0,0,345,156,22,23040,156
fixed,114141,91,1244,215,1029,1,0,0,1030,159,25,23296,159
fixed,115386,92,1244,213,1031,1,0,0,2275,164,28,23552,164
fixed,116625,93,1244,217,1027,1,0,0,3514,165,31,23808,165
fixed,117871,94,1244,214,1030,1,0,0,596,169,34,24064,169
fixed,119114,95,1244,214,1030,1,0,0,264,173,37,24320,173
fixed,120355,96,1244,216,1028,1,0,0,341,175,40,24576,175
fixed,121599,97,1244,215,1029,1,0,0,1585,178,43,24832,178
fixed,122839,98,1244,218,1026,1,0,0,1103,178,46,25088,178
fixed,124083,99,1244,217,1027,1,0,0,202,179,49,25344,179
fixed,125327,100,1244,216,1028,1,0,0,99,181,52,25600,181
fixed,126569,101,1244,217,1027,1,0,0,1341,182,55,25856,182
fixed,127814,102,1244,215,1029,1,0,0,2586,185,58,26112,185
fixed,129058,103,1244,214,1030,1,0,0,293,189,60,26368,189
fixed,130298,104,1244,217,1027,1,0,0,974,190,62,26624,190
fixed,131542,105,1244,216,1028,1,0,0,2218,192,64,26880,192
fixed,132784,106,1244,217,1027,1,0,0,3460,193,66,27136,193
fixed,134027,107,1244,217,1027,1,0,0,4703,194,68,27392,194
fixed,135271,108,1244,216,1028,1,0,0,243,196,70,27648,196
fixed,136513,109,1244,217,1027,1,0,0,652,197,73,27904,197
fixed,137757,110,1244,216,1028,2,0,0,13,199,76,28160,199
fixed,138999,111,1244,217,1027,1,0,0,879,200,79,28416,200
fixed,140243,112,1244,216,1028,1,0,0,742,202,82,28672,202
fixed,141486,113,1244,216,1028,1,0,0,69,204,85,28928,204
fixed,142729,114,1244,216,1028,2,0,0,22,206,88,29184,206
fixed,143971,115,1244,217,1027,2,0,0,9,207,91,29440,207
fixed,145214,116,1244,217,1027,1,0,0,522,208,94,29696,208
fixed,146458,117,1244,216,1028,1,0,0,1766,210,97,29952,210
fixed,147699,118,1244,218,1026,1,0,0,3007,210,100,30208,210
fixed,148944,119,1244,216,1028,1,0,0,4252,212,103,30464,212
fixed,150186,120,1244,217,1027,1,0,0,5494,213,106,30720,213
fixed,151429,121,1244,217,1027,1,0,0,702,214,109,30976,214
fixed,152673,122,1244,216,1028,1,0,0,782,216,112,31232,216
fixed,153914,123,1244,218,1026,1,0,0,2023,216,115,31488,216
fixed,155159,124,1244,216,1028,1,0,0,107,218,118,31744,218
fixed,156400,125,1244,218,1026,1,0,0,1348,218,121,32000,218
fixed,157644,126,1244,217,1027,1,0,0,1041,219,124,32256,219
fixed,158887,127,1244,217,1027,1,0,0,2284,220,127,32512,220
fixed,160130,128,1244,217,1027,1,0,0,3527,221,130,32768,221
fixed,161374,129,1244,216,1028,1,0,0,4771,223,133,33024,223
fixed,162616,130,1244,217,1027,1,0,0,6013,224,136,33280,224
fixed,163859,131,1244,217,1027,1,0,0,7256,225,139,33536,225
fixed,165101,132,1244,218,1026,1,0,0,8498,225,142,33792,225
fixed,166345,133,1244,217,1027,1,0,0,1037,226,145,34048,226
fixed,167588,134,1244,217,1027,1,0,0,2280,227,148,34304,227
fixed,168833,135,1244,215,1029,1,0,0,763,230,151,34560,230
fixed,170074,136,1244,217,1027,1,0,0,2004,231,154,34816,231
fixed,171316,137,1244,218,1026,1,0,0,3246,231,157,35072,231
fixed,172561,138,1244,216,1028,1,0,0,4491,233,160,35328,233
fixed,173802,139,1244,218,1026,1,0,0,5732,233,163,35584,233
fixed,175046,140,1244,217,1027,1,0,0,6976,234,166,35840,234
fixed,176288,141,1244,218,1026,1,0,0,609,234,169,36096,234
fixed,177531,142,1244,218,1026,1,0,0,1852,234,172,36352,234
fixed,178774,143,1244,218,1026,1,0,0,3095,234,175,36608,234
fixed,180018,144,1244,217,1027,1,0,0,151,235,178,36864,235
fixed,181262,145,1244,216,1028,0,0,0,391,237,181,37120,237
fixed,182504,146,1244,217,1027,0,0,0,13,238,184,37376,238
fixed,183747,147,1244,217,1027,1,0,0,617,239,187,37632,239
fixed,184991,148,1244,216,1028,1,0,0,1861,241,190,37888,241
fixed,186234,149,1244,216,1028,1,0,0,3104,243,193,38144,243
fixed,187475,150,1244,218,1026,1,0,0,4345,243,196,38400,243
fixed,188718,151,1244,218,1026,1,0,0,5588,243,199,38656,243
fixed,189962,152,1244,217,1027,1,0,0,6832,244,202,38912,244
fixed,191207,153,1244,215,1029,1,0,0,8077,247,205,39168,247
fixed,192448,154,1244,217,1027,1,0,0,9318,248,208,39424,248
fixed,193692,155,1244,216,1028,1,0,0,10562,250,211,39680,250
fixed,194934,156,1244,217,1027,1,0,0,11804,251,214,39936,251
fixed,196176,157,1244,218,1026,1,0,0,13046,251,217,40192,251
fixed,197420,158,1244,217,1027,1,0,0,14290,252,220,40448,252
fixed,198662,159,1244,218,1026,1,0,0,15532,252,223,40704,252
fixed,199906,160,1244,217,1027,1,0,0,16776,253,226,40960,253
fixed,201149,161,1244,217,1027,1,0,0,18019,254,229,41216,254
fixed,202392,162,1244,217,1027,1,0,0,19262,255,232,41472,255
fixed,203635,163,1244,217,1027,1,0,0,20505,256,235,41728,256
fixed,204879,164,1244,216,1028,0,0,0,1041,258,238,41984,258
fixed,206121,165,1244,217,1027,0,0,0,47,259,241,42240,259
fixed,207363,166,1244,218,1026,1,0,0,91,259,244,42496,259
fixed,208606,167,1244,218,1026,0,0,0,125,259,247,42752,259
fixed,209851,168,1244,216,1028,0,0,0,1,261,250,43008,261
fixed,211092,169,1244,218,1026,0,0,0,1242,261,253,43264,261
fixed,212336,170,1244,217,1027,0,0,0,2486,262,256,43520,262
fixed,213578,171,1244,218,1026,0,0,0,3728,262,259,43776,262
fixed,214822,172,1244,217,1027,0,0,0,4972,263,262,44032,263
fixed,216064,173,1244,218,1026,0,0,0,418,263,265,44288,263
fixed,217307,174,1244,218,1026,0,0,0,1661,263,268,44544,263
fixed,218551,175,1244,217,1027,0,0,0,269,264,271,44800,264
fixed,219794,176,1244,217,1027,1,0,0,246,265,274,45056,265
fixed,221041,177,1244,213,1031,0,0,0,877,270,277,45312,270
fixed,222280,178,1244,217,1027,0,0,0,1066,271,280,45568,271
fixed,223522,179,1244,218,1026,0,0,0,2308,271,283,45824,271
fixed,224765,180,1244,218,1026,0,0,0,3551,271,286,46080,271
fixed,226009,181,1244,217,1027,1,0,0,152,272,289,46336,272
fixed,227252,182,1244,217,1027,0,0,0,368,273,292,46592,273
fixed,228495,183,1244,217,1027,1,0,0,470,274,295,46848,274
fixed,229738,184,1244,217,1027,0,0,0,1,275,298,47104,275
fixed,230981,185,1244,217,1027,0,0,0,126,276,301,47360,276
fixed,232224,186,1244,217,1027,1,0,0,0,277,304,47616,277
fixed,233466,187,1244,218,1026,0,0,0,56,277,307,47872,277
fixed,234710,188,1244,217,1027,0,0,0,1071,278,310,48128,278
fixed,235953,189,1244,217,1027,0,0,0,204,279,313,48384,279
fixed,237197,190,1244,216,1028,0,0,0,90,281,316,48640,281
fixed,238438,191,1244,218,1026,1,0,0,8,281,319,48896,281
fixed,239683,192,1244,216,1028,1,0,0,9,283,322,49152,283
fixed,240924,193,1244,218,1026,1,0,0,349,283,325,49408,283
fixed,242167,194,1244,218,1026,0,0,0,839,283,328,49664,283
fixed,243410,195,1244,218,1026,1,0,0,758,283,331,49920,283
fixed,244654,196,1244,217,1027,1,0,0,2002,284,335,50176,284
fixed,245896,197,1244,218,1026,1,0,0,3244,284,339,50432,284
fixed,247140,198,1244,217,1027,1,0,0,4488,285,343,50688,285
fixed,248382,199,1244,218,1026,1,0,0,5730,285,347,50944,285
fixed,249627,200,1244,216,1028,0,0,0,15,287,351,51200,287
fixed,250869,201,1244,217,1027,1,0,0,25,288,355,51456,288
fixed,252112,202,1244,217,1027,1,0,0,13,289,359,51712,289
fixed,253356,203,1244,216,1028,0,0,0,1212,291,363,51968,291
fixed,254598,204,1244,217,1027,1,0,0,320,292,367,52224,292
fixed,255841,205,1244,217,1027,0,0,0,867,293,371,52480,293
fixed,257084,206,1244,217,1027,1,0,0,11,294,375,52736,294
fixed,258326,207,1244,218,1026,0,0,0,500,294,379,52992,294
fixed,259572,208,1244,215,1029,0,0,0,103,297,383,53248,297
fixed,260812,209,1244,218,1026,0,0,0,190,297,387,53504,297
fixed,262058,210,1244,215,1029,0,0,0,1436,300,391,53760,300
fixed,263300,211,1244,216,1028,0,0,0,2678,302,395,54016,302
fixed,264541,212,1244,218,1026,0,0,0,3919,302,399,54272,302
fixed,265786,213,1244,216,1028,0,0,0,87,304,403,54528,304
fixed,267029,214,1244,216,1028,0,0,0,235,306,407,54784,306
fixed,268270,215,1244,218,1026,0,0,0,1476,306,411,55040,306
fixed,269514,216,1244,217,1027,0,0,0,2720,307,415,55296,307
fixed,270756,217,1244,218,1026,0,0,0,3962,307,419,55552,307
fixed,271999,218,1244,218,1026,0,0,0,5205,307,423,55808,307
fixed,273243,219,1244,217,1027,0,0,0,6449,308,427,56064,308
fixed,274486,220,1244,217,1027,0,0,0,7692,309,431,56320,309
fixed,275729,221,1244,217,1027,0,0,0,8935,310,435,56576,310
fixed,276971,222,1244,218,1026,0,0,0,10177,310,439,56832,310
fixed,278215,223,1244,217,1027,0,0,0,11421,311,443,57088,311
fixed,279457,224,1244,218,1026,0,0,0,12663,311,447,57344,311
fixed,280700,225,1244,218,1026,0,0,0,13906,311,451,57600,311
fixed,281943,226,1244,218,1026,0,0,0,420,311,455,57856,311
fixed,283186,227,1244,218,1026,0,0,0,1218,311,459,58112,311
fixed,284430,228,1244,217,1027,0,0,0,2462,312,463,58368,312
fixed,285672,229,1244,218,1026,0,0,0,3704,312,467,58624,312
fixed,286916,230,1244,217,1027,0,0,0,4948,313,471,58880,313
fixed,288158,231,1244,218,1026,0,0,0,6190,313,475,59136,313
fixed,289401,232,1244,218,1026,0,0,0,7433,313,479,59392,313
fixed,290644,233,1244,218,1026,0,0,0,8676,313,483,59648,313
fixed,291887,234,1244,218,1026,0,0,0,9919,313,487,59904,313
fixed,293130,235,1244,218,1026,0,0,0,11162,313,491,60160,313
fixed,294374,236,1244,217,1027,0,0,0,12406,314,495,60416,314
fixed,295617,237,1244,217,1027,0,0,0,13649,315,499,60672,315
fixed,296859,238,1244,218,1026,0,0,0,14891,315,503,60928,315
fixed,298102,239,1244,218,1026,0,0,0,16134,315,507,61184,315
fixed,299346,240,1244,217,1027,0,0,0,17378,316,511,61440,316
fixed,300589,241,1244,217,1027,0,0,0,18621,317,515,61696,317
fixed,301831,242,1244,218,1026,0,0,0,901,317,519,61952,317
fixed,303074,243,1244,218,1026,0,0,0,2144,317,523,62208,317
fixed,304318,244,1244,217,1027,0,0,0,3388,318,527,62464,318
fixed,305560,245,1244,218,1026,0,0,0,4630,318,531,62720,318
fixed,306803,246,1244,218,1026,0,0,0,5873,318,535,62976,318
fixed,308047,247,1244,217,1027,0,0,0,214,319,539,63232,319
fixed,309291,248,1244,216,1028,0,0,0,1458,321,543,63488,321
fixed,310533,249,1244,217,1027,0,0,0,2700,322,547,63744,322
fixed,311776,250,1244,217,1027,2,1,0,269,323,551,64000,323
fixed,313021,251,1244,215,1029,0,0,0,407,326,555,64256,326
fixed,314263,252,1244,216,1028,0,0,0,1649,328,559,64512,328
fixed,315504,253,1244,218,1026,0,0,0,2890,328,563,64768,328
fixed,316748,254,1244,217,1027,0,0,0,4134,329,567,65024,329
fixed,317990,255,1244,218,1026,0,0,0,5376,329,571,65280,329
fixed,319235,256,1244,216,1028,0,0,0,6621,331,575,65536,331
fixed,320476,257,1244,218,1026,0,0,0,7862,331,579,65792,331
fixed,321719,258,1244,218,1026,0,0,0,9105,331,583,66048,331
fixed,322964,259,1244,216,1028,1,0,0,173,333,587,66304,333
fixed,324207,260,1244,216,1028,0,0,0,1188,335,591,66560,335
fixed,325449,261,1244,217,1027,0,0,0,2430,336,595,66816,336
fixed,326692,262,1244,217,1027,0,0,0,3673,337,599,67072,337
fixed,327934,263,1244,218,1026,0,0,0,4915,337,603,67328,337
fixed,329178,264,1244,217,1027,0,0,0,6159,338,607,67584,338
fixed,330421,265,1244,217,1027,0,0,0,7402,339,611,67840,339
fixed,331663,266,1244,218,1026,0,0,0,8644,339,615,68096,339
fixed,332906,267,1244,218,1026,0,0,0,9887,339,619,68352,339
fixed,334150,268,1244,217,1027,0,0,0,11131,340,623,68608,340
fixed,335392,269,1244,218,1026,0,0,0,12373,340,627,68864,340
fixed,336637,270,1244,216,1028,1,0,0,30,342,630,69120,342
fixed,337882,271,1244,214,1030,0,0,0,636,346,633,69376,346
fixed,339123,272,1244,216,1028,0,0,0,485,348,636,69632,348
fixed,340365,273,1244,217,1027,0,0,0,1727,349,639,69888,349
fixed,341608,274,1244,217,1027,0,0,0,2970,350,642,70144,350
fixed,342850,275,1244,218,1026,0,0,0,4212,350,645,70400,350
fixed,344095,276,1244,216,1028,0,0,0,26,352,648,70656,352
fixed,345339,277,1244,215,1029,0,0,0,551,355,651,70912,355
fixed,346580,278,1244,217,1027,0,0,0,1792,356,654,71168,356
fixed,347823,279,1244,217,1027,0,0,0,3035,357,657,71424,357
fixed,349065,280,1244,218,1026,0,0,0,4277,357,660,71680,357
fixed,350308,281,1244,218,1026,0,0,0,5520,357,663,71936,357
fixed,351551,282,1244,218,1026,0,0,0,6763,357,666,72192,357
fixed,352794,283,1244,218,1026,0,0,0,8006,357,669,72448,357
fixed,354037,284,1244,218,1026,0,0,0,9249,357,672,72704,357
fixed,355280,285,1244,218,1026,0,0,0,10492,357,675,72960,357
fixed,356524,286,1244,217,1027,0,0,0,190,358,678,73216,358
fixed,357767,287,1244,217,1027,0,0,0,1433,359,681,73472,359
fixed,359009,288,1244,218,1026,0,0,0,2675,359,684,73728,359
fixed,360252,289,1244,218,1026,0,0,0,723,359,687,73984,359
fixed,361496,290,1244,217,1027,0,0,0,1967,360,690,74240,360
fixed,362739,291,1244,217,1027,0,0,0,3210,361,693,74496,361
fixed,363983,292,1244,216,1028,0,0,0,4454,363,696,74752,363
fixed,365225,293,1244,217,1027,0,0,0,5696,364,699,75008,364
fixed,366467,294,1244,218,1026,0,0,0,6938,364,702,75264,364
fixed,367712,295,1244,216,1028,0,0,0,94,366,705,75520,366
fixed,368953,296,1244,218,1026,0,0,0,1210,366,708,75776,366
fixed,370197,297,1244,217,1027,0,0,0,993,367,711,76032,367
fixed,371440,298,1244,217,1027,1,0,0,1004,368,714,76288,368
fixed,372683,299,1244,217,1027,0,0,0,924,369,717,76544,369
fixed,373925,300,1244,218,1026,0,0,0,2166,369,720,76800,369
fixed,375168,301,1244,218,1026,0,0,0,3409,369,723,77056,369
fixed,376412,302,1244,217,1027,0,0,0,4653,370,726,77312,370
fixed,377661,303,1244,211,1033,1,0,0,60,377,729,77568,377
fixed,378900,304,1244,215,1029,0,0,0,1094,380,732,77824,380
fixed,380144,305,1244,214,1030,0,0,0,2338,384,735,78080,384
fixed,381384,306,1244,217,1027,0,0,0,3578,385,738,78336,385
fixed,382626,307,1244,218,1026,2,1,0,74,385,741,78592,385
fixed,383870,308,1244,217,1027,0,0,0,462,386,744,78848,386
fixed,385112,309,1244,218,1026,0,0,0,1704,386,747,79104,386
fixed,386355,310,1244,218,1026,0,0,0,2947,386,750,79360,386
fixed,387598,311,1244,218,1026,0,0,0,4190,386,753,79616,386
fixed,388841,312,1244,218,1026,0,0,0,5433,386,756,79872,386
fixed,390085,313,1244,217,1027,0,0,0,698,387,759,80128,387
fixed,391329,314,1244,216,1028,0,0,0,1942,389,762,80384,389
fixed,392570,315,1244,218,1026,0,0,0,3183,389,765,80640,389
fixed,393814,316,1244,217,1027,0,0,0,195,390,768,80896,390
fixed,395056,317,1244,218,1026,0,0,0,1437,390,771,81152,390
fixed,396300,318,1244,217,1027,0,0,0,2681,391,774,81408,391
fixed,397542,319,1244,218,1026,0,0,0,3923,391,777,81664,391
fixed,398786,320,1244,217,1027,0,0,0,5167,392,780,81920,392
fixed,400028,321,1244,218,1026,0,0,0,6409,392,783,82176,392
fixed,401272,322,1244,217,1027,0,0,0,20,393,786,82432,393
fixed,402515,323,1244,217,1027,0,0,0,1263,394,789,82688,394
fixed,403757,324,1244,218,1026,0,0,0,2505,394,792,82944,394
fixed,405000,325,1244,218,1026,0,0,0,3748,394,795,83200,394
fixed,406243,326,1244,218,1026,0,0,0,4991,394,798,83456,394
fixed,407486,327,1244,218,1026,0,0,0,6234,394,801,83712,394
fixed,408729,328,1244,218,1026,0,0,0,7477,394,804,83968,394
fixed,409972,329,1244,218,1026,0,0,0,8720,394,807,84224,394
fixed,411216,330,1244,217,1027,0,0,0,9964,395,810,84480,395
fixed,412458,331,1244,218,1026,0,0,0,11206,395,813,84736,395
fixed,413701,332,1244,218,1026,0,0,0,12449,395,816,84992,395
fixed,414945,333,1244,217,1027,0,0,0,13693,396,819,85248,396
fixed,416188,334,1244,217,1027,0,0,0,971,397,822,85504,397
fixed,417430,335,1244,218,1026,0,0,0,2213,397,825,85760,397
fixed,418674,336,1244,217,1027,0,0,0,3457,398,828,86016,398
fixed,419916,337,1244,218,1026,0,0,0,4699,398,831,86272,398
fixed,421160,338,1244,217,1027,0,0,0,5943,399,834,86528,399
fixed,422402,339,1244,218,1026,0,0,0,7185,399,837,86784,399
fixed,423645,340,1244,218,1026,0,0,0,8428,399,840,87040,399
fixed,424888,341,1244,218,1026,1,0,0,270,399,843,87296,399
fixed,426131,342,1244,218,1026,0,0,0,1056,399,846,87552,399
fixed,427374,343,1244,218,1026,0,0,0,2299,399,849,87808,399
fixed,428620,344,1244,215,1029,0,0,0,3545,402,852,88064,402
fixed,429860,345,1244,218,1026,0,0,0,4785,402,855,88320,402
fixed,431103,346,1244,218,1026,0,0,0,6028,402,858,88576,402
fixed,432346,347,1244,218,1026,0,0,0,7271,402,861,88832,402
fixed,433590,348,1244,217,1027,0,0,0,8515,403,864,89088,403
fixed,434833,349,1244,217,1027,0,0,0,9758,404,867,89344,404
fixed,436077,350,1244,216,1028,0,0,0,61,406,870,89600,406
fixed,437319,351,1244,217,1027,0,0,0,892,407,873,89856,407
fixed,438561,352,1244,218,1026,0,0,0,2134,407,876,90112,407
fixed,439804,353,1244,218,1026,0,0,0,3377,407,879,90368,407
fixed,441048,354,1244,217,1027,0,0,0,4621,408,882,90624,408
fixed,442293,355,1244,215,1029,0,0,0,492,411,885,90880,411
fixed,443534,356,1244,217,1027,0,0,0,1733,412,888,91136,412
fixed,444776,357,1244,218,1026,0,0,0,2975,412,891,91392,412
fixed,446019,358,1244,218,1026,0,0,0,4218,412,894,91648,412
fixed,447263,359,1244,217,1027,0,0,0,5462,413,897,91904,413
fixed,448506,360,1244,217,1027,0,0,0,6705,414,900,92160,414
fixed,449748,361,1244,218,1026,0,0,0,7947,414,903,92416,414
fixed,450991,362,1244,218,1026,0,0,0,9190,414,906,92672,414
fixed,452234,363,1244,218,1026,0,0,0,644,414,909,92928,414
fixed,453478,364,1244,217,1027,0,0,0,1888,415,912,93184,415
fixed,454721,365,1244,217,1027,0,0,0,3131,416,915,93440,416
fixed,455964,366,1244,217,1027,0,0,0,4374,417,918,93696,417
fixed,457207,367,1244,217,1027,0,0,0,5617,418,921,93952,418
fixed,458449,368,1244,218,1026,0,0,0,242,418,924,94208,418
fixed,459692,369,1244,218,1026,0,0,0,389,418,927,94464,418
fixed,460936,370,1244,217,1027,0,0,0,1633,419,930,94720,419
fixed,462178,371,1244,218,1026,0,0,0,445,419,933,94976,419
fixed,463424,372,1244,215,1029,0,0,0,288,422,937,95232,422
fixed,464664,373,1244,218,1026,1,0,0,67,422,941,95488,422
fixed,465911,374,1244,214,1030,0,0,0,48,426,945,95744,426
fixed,467150,375,1244,218,1026,0,0,0,260,426,949,96000,426
fixed,468396,376,1244,215,1029,0,0,0,23,429,953,96256,429
fixed,469636,377,1244,218,1026,0,0,0,1263,429,957,96512,429
fixed,470879,378,1244,218,1026,0,0,0,2506,429,961,96768,429
fixed,472122,379,1244,218,1026,0,0,0,3749,429,965,97024,429
fixed,473365,380,1244,218,1026,0,0,0,4992,429,969,97280,429
fixed,474609,381,1244,217,1027,0,0,0,6236,430,973,97536,430
fixed,475851,382,1244,218,1026,0,0,0,7478,430,977,97792,430
fixed,477094,383,1244,218,1026,0,0,0,8721,430,981,98048,430
fixed,478338,384,1244,217,1027,0,0,0,9965,431,985,98304,431
fixed,479580,385,1244,218,1026,0,0,0,11207,431,989,98560,431
fixed,480824,386,1244,217,1027,1,0,0,26,432,993,98816,432
fixed,482066,387,1244,218,1026,0,0,0,1211,432,997,99072,432
fixed,483309,388,1244,218,1026,0,0,0,2454,432,1001,99328,432
fixed,484552,389,1244,218,1026,0,0,0,3697,432,1005,99584,432
fixed,485795,390,1244,218,1026,0,0,0,4940,432,1009,99840,432
fixed,487054,391,1244,202,1042,1,0,0,84,448,1013,100096,448
fixed,488291,392,1244,208,1036,0,0,0,922,458,1017,100352,458
fixed,489527,393,1244,215,1029,0,0,0,2158,461,1021,100608,461
fixed,490768,394,1244,217,1027,0,0,0,3399,462,1025,100864,462
fixed,492010,395,1244,218,1026,0,0,0,4641,462,1029,101120,462
fixed,493253,396,1244,218,1026,0,0,0,5884,462,1033,101376,462
fixed,494497,397,1244,217,1027,0,0,0,7128,463,1037,101632,463
fixed,495739,398,1244,218,1026,0,0,0,8370,463,1041,101888,463
fixed,496982,399,1244,218,1026,0,0,0,9613,463,1045,102144,463
fixed,498226,400,1244,217,1027,0,0,0,10857,464,1049,102400,464
fixed,499468,401,1244,218,1026,0,0,0,12099,464,1053,102656,464
table,2814,1,1788,760,1028,1,0,0,1377,2,0,256,2
table,4532,2,1788,758,1030,1,0,0,49,6,0,512,6
table,6239,3,1788,760,1028,1,0,0,147,8,0,768,8
table,7965,4,1710,681,1029,2,0,0,59,11,0,1024,11
table,9750,5,1710,683,1027,2,0,0,235,12,0,1280,12
table,11459,6,1788,761,1027,1,0,0,404,13,0,1536,13
table,13169,7,1710,682,1028,2,0,0,60,15,0,1792,15
table,14955,8,1788,761,1027,1,0,0,89,16,0,2048,16
table,16665,9,1788,760,1028,1,0,0,133,18,0,2304,18
table,18375,10,1710,681,1029,2,0,0,7,21,0,2560,21
table,20163,11,1788,758,1030,1,0,0,1749,25,0,2816,25
table,21873,12,1788,757,1031,1,0,0,447,30,0,3072,30
table,23578,13,1710,683,1027,2,0,0,53,31,0,3328,31
table,25363,14,1788,760,1028,1,0,0,1,33,0,3584,33
table,27072,15,1788,760,1028,1,0,0,112,35,0,3840,35
table,28779,16,1710,684,1026,2,0,0,907,35,0,4096,35
table,30489,17,1710,683,1027,2,0,0,209,36,0,4352,36
table,32198,18,1710,683,1027,2,0,0,686,37,0,4608,37
table,33908,19,1788,760,1028,1,0,0,183,39,0,4864,39
table,35694,20,1788,761,1027,1,0,0,18,40,0,5120,40
table,37403,21,1788,761,1027,1,0,0,27,41,0,5376,41
table,39114,22,1710,681,1029,2,0,0,312,44,0,5632,44
table,40823,23,1788,759,1029,1,0,0,161,47,0,5888,47
table,42608,24,1788,761,1027,1,0,0,29,48,0,6144,48
table,44316,25,1710,684,1026,2,0,0,37,48,0,6400,48
table,46025,26,1710,684,1026,2,0,0,69,48,0,6656,48
table,47806,27,1788,760,1028,1,0,0,36,50,0,6912,50
table,49515,28,1710,682,1028,2,0,0,273,52,0,7168,52
table,51224,29,1710,682,1028,2,0,0,1982,54,0,7424,54
table,52936,30,1710,679,1031,2,0,0,3694,59,0,7680,59
table,54645,31,1710,679,1031,2,0,0,5403,64,0,7936,64
table,56354,32,1710,679,1031,2,0,0,7112,69,0,8192,69
table,58060,33,1710,682,1028,2,0,0,33,71,0,8448,71
table,59831,34,1710,682,1028,2,0,0,184,73,0,8704,73
table,61541,35,1710,681,1029,2,0,0,11,76,0,8960,76
table,63250,36,1710,681,1029,2,0,0,1720,79,0,9216,79
table,64960,37,1710,680,1030,2,0,0,3430,83,0,9472,83
table,66668,38,1710,681,1029,2,0,0,5138,86,0,9728,86
table,68381,39,1710,677,1033,2,0,0,6851,93,0,9984,93
table,70086,40,1710,681,1029,2,0,0,8556,96,0,10240,96
table,71795,41,1710,681,1029,2,0,0,10265,99,0,10496,99
table,73503,42,1710,682,1028,2,0,0,11973,101,0,10752,101
table,75215,43,1710,679,1031,2,0,0,13685,106,0,11008,106
table,76923,44,1710,680,1030,2,0,0,15393,110,0,11264,110
table,78635,45,1710,677,1033,2,0,0,17105,117,0,11520,117
table,80341,46,1710,680,1030,2,0,0,18811,121,0,11776,121
table,82048,47,1710,682,1028,2,0,0,20518,123,0,12032,123
table,83382,48,1710,680,1030,2,1,0,551,127,0,12288,127
table,85089,49,1710,682,1028,2,1,0,2258,129,0,12544,129
table,86876,50,1788,760,1028,1,0,0,1741,131,0,12800,131
table,88662,51,1788,761,1027,1,0,0,3527,132,0,13056,132
table,90449,52,1788,761,1027,1,0,0,5314,133,0,13312,133
table,92238,53,1788,759,1029,1,0,0,976,136,0,13568,136
table,94022,54,1788,762,1026,1,0,0,2760,136,0,13824,136
table,95814,55,1788,757,1031,1,0,0,4552,141,0,14080,141
table,97596,56,1788,762,1026,1,0,0,6334,141,0,14336,141
table,99384,57,1788,761,1027,1,0,0,158,142,1,14592,142
table,101171,58,1788,761,1027,1,0,0,1705,143,2,14848,143
table,102959,59,1788,760,1028,1,0,0,185,145,3,15104,145
table,104744,60,1788,762,1026,1,0,0,87,145,5,15360,145
table,106455,61,1788,760,1028,1,0,0,977,147,7,15616,147
table,108243,62,1788,759,1029,1,0,0,323,150,9,15872,150
table,110027,63,1788,762,1026,1,0,0,111,150,12,16128,150
table,111818,64,1788,758,1030,1,0,0,224,154,15,16384,154
table,113527,65,1788,758,1030,1,0,0,416,158,18,16640,158
table,115316,66,1788,756,1032,1,0,0,2205,164,21,16896,164
table,117099,67,1788,760,1028,1,0,0,3988,166,24,17152,166
table,118890,68,1788,756,1032,1,0,0,40,172,27,17408,172
table,120676,69,1788,757,1031,1,0,0,662,177,30,17664,177
table,122459,70,1788,761,1027,1,0,0,723,178,33,17920,178
table,124246,71,1788,761,1027,1,0,0,365,179,36,18176,179
table,126035,72,1788,759,1029,1,0,0,807,182,39,18432,182
table,127822,73,1788,759,1029,1,0,0,2594,185,42,18688,185
table,129610,74,1788,758,1030,1,0,0,286,189,44,18944,189
table,131396,75,1788,759,1029,1,0,0,2072,192,46,19200,192
table,133181,76,1788,761,1027,1,0,0,3857,193,48,19456,193
table,134968,77,1788,761,1027,1,0,0,145,194,50,19712,194
table,136757,78,1788,759,1029,1,0,0,896,197,53,19968,197
table,138487,79,1788,759,1029,1,0,0,367,200,56,20224,200
table,140273,80,1788,760,1028,1,0,0,772,202,59,20480,202
table,142062,81,1788,758,1030,1,0,0,108,206,62,20736,206
table,143768,82,1710,683,1027,2,0,0,57,207,65,20992,207
table,145477,83,1788,761,1027,1,0,0,785,208,68,21248,208
table,147265,84,1788,760,1028,1,0,0,2573,210,71,21504,210
table,149052,85,1788,760,1028,1,0,0,4360,212,74,21760,212
table,150839,86,1788,760,1028,1,0,0,112,214,77,22016,214
table,152626,87,1788,760,1028,1,0,0,735,216,80,22272,216
table,154413,88,1788,760,1028,1,0,0,2522,218,83,22528,218
table,156198,89,1788,762,1026,1,0,0,1146,218,86,22784,218
table,157986,90,1788,761,1027,1,0,0,1383,219,89,23040,219
table,159774,91,1788,760,1028,1,0,0,3171,221,92,23296,221
table,161561,92,1788,760,1028,1,0,0,4958,223,95,23552,223
table,163347,93,1788,761,1027,1,0,0,6744,224,98,23808,224
table,165134,94,1788,761,1027,1,0,0,8531,225,101,24064,225
table,166921,95,1788,761,1027,1,0,0,1613,226,104,24320,226
table,168711,96,1788,758,1030,1,0,0,641,230,107,24576,230
table,170495,97,1788,761,1027,1,0,0,2425,231,110,24832,231
table,172281,98,1788,762,1026,1,0,0,4211,231,113,25088,231
table,174070,99,1788,760,1028,1,0,0,6000,233,116,25344,233
table,175856,100,1788,761,1027,1,0,0,177,234,119,25600,234
table,177642,101,1788,762,1026,1,0,0,1963,234,122,25856,234
table,179430,102,1788,761,1027,1,0,0,3751,235,125,26112,235
table,181218,103,1866,838,1028,0,0,0,347,237,128,26368,237
table,183061,104,1788,761,1027,1,0,0,422,238,131,26624,238
table,184850,105,1788,759,1029,1,0,0,1720,241,134,26880,241
table,186636,106,1788,760,1028,1,0,0,3506,243,137,27136,243
table,188421,107,1788,762,1026,1,0,0,5291,243,140,27392,243
table,190209,108,1788,761,1027,1,0,0,7079,244,143,27648,244
table,191998,109,1788,759,1029,1,0,0,8868,247,146,27904,247
table,193785,110,1788,759,1029,1,0,0,10655,250,149,28160,250
table,195570,111,1788,761,1027,1,0,0,12440,251,152,28416,251
table,197357,112,1788,761,1027,1,0,0,14227,252,155,28672,252
table,199144,113,1788,761,1027,1,0,0,16014,253,158,28928,253
table,200931,114,1788,761,1027,1,0,0,17801,254,161,29184,254
table,202718,115,1788,761,1027,1,0,0,19588,255,164,29440,255
table,204506,116,1866,838,1028,0,0,0,668,257,167,29696,257
table,206371,117,1788,760,1028,1,0,0,183,259,170,29952,259
table,208156,118,1788,762,1026,1,0,0,6,259,173,30208,259
table,210023,119,1866,838,1028,0,0,0,173,261,176,30464,261
table,211886,120,1866,840,1026,0,0,0,2036,261,179,30720,261
table,213752,121,1866,839,1027,0,0,0,3902,262,182,30976,262
table,215617,122,1788,761,1027,1,0,0,245,263,185,31232,263
table,217481,123,1866,840,1026,0,0,0,1835,263,188,31488,263
table,219287,124,1866,838,1028,0,0,0,1005,265,191,31744,265
table,221077,125,1866,835,1031,0,0,0,913,270,194,32000,270
table,222938,126,1866,839,1027,0,0,0,1724,271,197,32256,271
table,224802,127,1866,840,1026,0,0,0,3588,271,200,32512,271
table,226600,128,1788,760,1028,1,0,0,434,273,203,32768,273
table,228436,129,1788,761,1027,1,0,0,411,274,206,33024,274
table,230223,130,1788,761,1027,1,0,0,7,275,209,33280,275
table,232089,131,1866,838,1028,0,0,0,36,277,212,33536,277
table,233953,132,1866,839,1027,0,0,0,314,278,215,33792,278
table,235740,133,1788,761,1027,1,0,0,14,279,218,34048,279
table,237606,134,1866,838,1028,0,0,0,8,281,221,34304,281
table,239392,135,1866,839,1027,0,0,0,231,282,224,34560,282
table,241215,136,1788,761,1027,1,0,0,58,283,227,34816,283
table,243079,137,1788,762,1026,1,0,0,427,283,230,35072,283
table,244867,138,1788,761,1027,1,0,0,2215,284,234,35328,284
table,246653,139,1788,762,1026,1,0,0,4001,284,238,35584,284
table,248441,140,1788,761,1027,1,0,0,5789,285,242,35840,285
table,250230,141,1866,837,1029,0,0,0,173,288,246,36096,288
table,252093,142,1866,839,1027,0,0,0,74,289,250,36352,289
table,253960,143,1866,837,1029,0,0,0,116,292,254,36608,292
table,255745,144,1866,839,1027,0,0,0,771,293,258,36864,293
table,257532,145,1788,761,1027,1,0,0,219,294,262,37120,294
table,259399,146,1788,759,1029,1,0,0,261,297,266,37376,297
table,261184,147,1866,839,1027,0,0,0,562,298,270,37632,298
table,263052,148,1866,836,1030,0,0,0,2430,302,274,37888,302
table,264914,149,1866,839,1027,0,0,0,4292,303,278,38144,303
table,266705,150,1788,759,1029,1,0,0,196,306,282,38400,306
table,268567,151,1866,840,1026,0,0,0,1773,306,286,38656,306
table,270433,152,1866,839,1027,0,0,0,3639,307,290,38912,307
table,272297,153,1866,840,1026,0,0,0,5503,307,294,39168,307
table,274164,154,1866,838,1028,0,0,0,7370,309,298,39424,309
table,276028,155,1866,839,1027,0,0,0,9234,310,302,39680,310
table,277893,156,1866,839,1027,0,0,0,11099,311,306,39936,311
table,279757,157,1866,840,1026,0,0,0,12963,311,310,40192,311
table,281622,158,1866,840,1026,0,0,0,99,311,314,40448,311
table,283487,159,1866,840,1026,0,0,0,1519,311,318,40704,311
table,285353,160,1866,839,1027,0,0,0,3385,312,322,40960,312
table,287218,161,1866,839,1027,0,0,0,5250,313,326,41216,313
table,289082,162,1866,840,1026,0,0,0,7114,313,330,41472,313
table,290947,163,1866,840,1026,0,0,0,8979,313,334,41728,313
table,292812,164,1866,840,1026,0,0,0,10844,313,338,41984,313
table,294678,165,1866,839,1027,0,0,0,12710,314,342,42240,314
table,296543,166,1866,839,1027,0,0,0,14575,315,346,42496,315
table,298407,167,1866,840,1026,0,0,0,16439,315,350,42752,315
table,300273,168,1866,839,1027,0,0,0,18305,316,354,43008,316
table,302138,169,1866,839,1027,0,0,0,1208,317,358,43264,317
table,304004,170,1866,838,1028,0,0,0,3074,319,362,43520,319
table,305867,171,1866,840,1026,0,0,0,4937,319,366,43776,319
table,307733,172,1788,761,1027,1,0,0,3,320,370,44032,320
table,309599,173,1866,838,1028,0,0,0,1766,322,374,44288,322
table,311463,174,1710,683,1027,2,1,0,2,323,378,44544,323
table,313267,175,1866,836,1030,0,0,0,653,327,382,44800,327
table,315130,176,1866,838,1028,0,0,0,2516,329,386,45056,329
table,316994,177,1866,839,1027,0,0,0,4380,330,390,45312,330
table,318860,178,1866,838,1028,0,0,0,6246,332,394,45568,332
table,320723,179,1866,840,1026,0,0,0,8109,332,398,45824,332
table,322588,180,1633,607,1026,3,1,0,128,332,402,46080,332
table,324457,181,1866,836,1030,0,0,0,1438,336,406,46336,336
table,326319,182,1866,839,1027,0,0,0,3300,337,410,46592,337
table,328184,183,1866,839,1027,0,0,0,5165,338,414,46848,338
table,330050,184,1866,838,1028,0,0,0,7031,340,418,47104,340
table,331913,185,1866,840,1026,0,0,0,8894,340,422,47360,340
table,333779,186,1866,839,1027,0,0,0,10760,341,426,47616,341
table,335643,187,1710,684,1026,2,0,0,17,341,430,47872,341
table,337434,188,1866,836,1030,0,0,0,188,345,433,48128,345
table,339299,189,1866,836,1030,0,0,0,661,349,436,48384,349
table,341161,190,1866,839,1027,0,0,0,2523,350,439,48640,350
table,343026,191,1866,839,1027,0,0,0,4388,351,442,48896,351
table,344437,192,1866,836,1030,0,0,0,368,355,445,49152,355
table,346300,193,1866,838,1028,0,0,0,1512,357,448,49408,357
table,348164,194,1866,839,1027,0,0,0,3376,358,451,49664,358
table,350028,195,1866,840,1026,0,0,0,5240,358,454,49920,358
table,351893,196,1866,840,1026,0,0,0,7105,358,457,50176,358
table,353758,197,1866,840,1026,0,0,0,8970,358,460,50432,358
table,355623,198,1866,840,1026,0,0,0,10835,358,463,50688,358
table,357489,199,1866,839,1027,0,0,0,1155,359,466,50944,359
table,359354,200,1866,839,1027,0,0,0,3020,360,469,51200,360
table,361218,201,1866,840,1026,0,0,0,1689,360,472,51456,360
table,363085,202,1866,838,1028,0,0,0,3556,362,475,51712,362
table,364951,203,1866,837,1029,0,0,0,5422,365,478,51968,365
table,366813,204,1866,840,1026,0,0,0,7284,365,481,52224,365
table,368602,205,1866,838,1028,0,0,0,859,367,484,52480,367
table,370466,206,1788,761,1027,1,0,0,30,368,487,52736,368
table,372254,207,1866,838,1028,0,0,0,495,370,490,52992,370
table,374117,208,1866,840,1026,0,0,0,2358,370,493,53248,370
table,375983,209,1866,839,1027,0,0,0,4224,371,496,53504,371
table,377854,210,1866,833,1033,0,0,0,48,378,499,53760,378
table,379719,211,1866,833,1033,0,0,0,1913,385,502,54016,385
table,381578,212,1866,839,1027,0,0,0,3772,386,505,54272,386
table,383210,213,1788,761,1027,1,0,0,270,387,508,54528,387
table,385074,214,1866,840,1026,0,0,0,1666,387,511,54784,387
table,386939,215,1866,840,1026,0,0,0,3531,387,514,55040,387
table,388804,216,1866,840,1026,0,0,0,5396,387,517,55296,387
table,390083,217,1866,839,1027,0,0,0,696,388,520,55552,388
table,391949,218,1866,838,1028,0,0,0,2562,390,523,55808,390
table,393813,219,1866,839,1027,0,0,0,194,391,526,56064,391
table,395677,220,1866,840,1026,0,0,0,2058,391,529,56320,391
table,397543,221,1866,839,1027,0,0,0,3924,392,532,56576,392
table,399408,222,1866,839,1027,0,0,0,5789,393,535,56832,393
table,401273,223,1866,839,1027,0,0,0,21,394,538,57088,394
table,403138,224,1866,839,1027,0,0,0,1886,395,541,57344,395
table,405002,225,1866,840,1026,0,0,0,3750,395,544,57600,395
table,406867,226,1866,840,1026,0,0,0,5615,395,547,57856,395
table,408732,227,1866,840,1026,0,0,0,7480,395,550,58112,395
table,410598,228,1866,839,1027,0,0,0,9346,396,553,58368,396
table,412462,229,1866,840,1026,0,0,0,11210,396,556,58624,396
table,414327,230,1866,840,1026,0,0,0,13075,396,559,58880,396
table,416143,231,1866,838,1028,0,0,0,926,398,562,59136,398
table,418006,232,1866,840,1026,0,0,0,2789,398,565,59392,398
table,419872,233,1866,839,1027,0,0,0,4655,399,568,59648,399
table,421737,234,1866,839,1027,0,0,0,6520,400,571,59904,400
table,423601,235,1866,840,1026,0,0,0,8384,400,574,60160,400
table,425466,236,1866,840,1026,0,0,0,391,400,577,60416,400
table,427331,237,1866,840,1026,0,0,0,2256,400,580,60672,400
table,429199,238,1866,837,1029,0,0,0,4124,403,583,60928,403
table,431061,239,1866,840,1026,0,0,0,5986,403,586,61184,403
table,432926,240,1866,840,1026,0,0,0,7851,403,589,61440,403
table,434793,241,1866,838,1028,0,0,0,9718,405,592,61696,405
table,436659,242,1866,837,1029,0,0,0,232,408,595,61952,408
table,438521,243,1866,840,1026,0,0,0,2094,408,598,62208,408
table,440387,244,1866,839,1027,0,0,0,3960,409,601,62464,409
table,442254,245,1866,837,1029,0,0,0,453,412,604,62720,412
table,444117,246,1866,839,1027,0,0,0,2316,413,607,62976,413
table,445981,247,1866,840,1026,0,0,0,4180,413,610,63232,413
table,447846,248,1866,840,1026,0,0,0,6045,413,614,63488,413
table,449711,249,1866,840,1026,0,0,0,7910,413,618,63744,413
table,451576,250,1866,840,1026,0,0,0,180,413,622,64000,413
table,453442,251,1866,839,1027,0,0,0,1852,414,626,64256,414
table,455307,252,1866,839,1027,0,0,0,3717,415,630,64512,415
table,457173,253,1866,838,1028,0,0,0,5583,417,634,64768,417
table,459036,254,1866,840,1026,0,0,0,829,417,638,65024,417
table,460902,255,1866,839,1027,0,0,0,1599,418,642,65280,418
table,462750,256,1866,837,1029,0,0,0,435,421,646,65536,421
table,464614,257,1788,760,1028,1,0,0,17,423,650,65792,423
table,466403,258,1866,836,1030,0,0,0,540,427,654,66048,427
table,468267,259,1866,837,1029,0,0,0,1377,430,658,66304,430
table,470129,260,1866,840,1026,0,0,0,1756,430,662,66560,430
table,471994,261,1866,840,1026,0,0,0,3621,430,666,66816,430
table,473859,262,1866,840,1026,0,0,0,5486,430,670,67072,430
table,475725,263,1866,839,1027,0,0,0,7352,431,674,67328,431
table,477589,264,1866,840,1026,0,0,0,9216,431,678,67584,431
table,479455,265,1866,839,1027,0,0,0,11082,432,682,67840,432
table,481320,266,1866,839,1027,0,0,0,465,433,686,68096,433
table,483184,267,1866,840,1026,0,0,0,2329,433,690,68352,433
table,485049,268,1866,840,1026,0,0,0,4194,433,694,68608,433
table,486928,269,1788,748,1040,1,0,0,118,447,697,68864,447
table,488793,270,1866,826,1040,0,0,0,1424,461,700,69120,461
table,490648,271,1866,836,1030,0,0,0,3279,465,703,69376,465
table,492509,272,1866,840,1026,0,0,0,5140,465,706,69632,465
table,494375,273,1866,839,1027,0,0,0,7006,466,709,69888,466
table,496239,274,1866,840,1026,0,0,0,8870,466,712,70144,466
table,498105,275,1866,839,1027,0,0,0,10736,467,715,70400,467
table,499969,276,1866,840,1026,0,0,0,12600,467,718,70656,467
threshold,3047,1,2021,993,1028,1,0,0,1610,2,0,256,2
threshold,5069,2,2021,991,1030,1,0,0,38,6,0,512,6
threshold,7088,3,2021,992,1029,1,0,0,106,9,0,768,9
threshold,9108,4,2021,992,1029,1,0,0,27,12,0,1024,12
threshold,11125,5,2021,995,1026,1,0,0,70,12,0,1280,12
threshold,13148,6,2021,992,1029,2,0,0,39,15,0,1536,15
threshold,15166,7,2021,994,1027,2,0,0,72,16,0,1792,16
threshold,17187,8,2021,993,1028,2,0,0,5,18,0,2048,18
threshold,19209,9,2021,991,1030,1,0,0,795,22,0,2304,22
threshold,21232,10,2021,988,1033,1,0,0,34,29,0,2560,29
threshold,23247,11,2021,993,1028,2,0,0,52,31,0,2816,31
threshold,25267,12,2021,993,1028,2,0,0,7,33,0,3072,33
threshold,27287,13,2021,993,1028,1,0,0,42,35,0,3328,35
threshold,29305,14,2021,995,1026,2,0,0,1433,35,0,3584,35
threshold,31326,15,2021,994,1027,2,0,0,88,36,0,3840,36
threshold,33347,16,2021,993,1028,1,0,0,78,38,0,4096,38
threshold,35367,17,2021,993,1028,1,0,0,546,40,0,4352,40
threshold,37386,18,2021,994,1027,1,0,0,10,41,0,4608,41
threshold,39409,19,2021,991,1030,2,0,0,607,45,0,4864,45
threshold,41427,20,2021,993,1028,1,0,0,765,47,0,5120,47
threshold,43446,21,2021,994,1027,2,0,0,0,48,0,5376,48
threshold,45465,22,2021,995,1026,2,0,0,22,48,0,5632,48
threshold,47487,23,2021,993,1028,2,0,0,185,50,0,5888,50
threshold,49507,24,2021,993,1028,2,0,0,265,52,0,6144,52
threshold,51528,25,2021,992,1029,2,0,0,2286,55,0,6400,55
threshold,53549,26,2021,991,1030,2,0,0,4307,59,1,6656,59
threshold,55568,27,2021,992,1029,2,0,0,6326,62,3,6912,62
threshold,57590,28,2021,990,1031,2,0,0,145,67,4,7168,67
threshold,59607,29,2021,993,1028,1,0,0,63,69,5,7424,69
threshold,61628,30,2021,992,1029,2,0,0,98,72,6,7680,72
threshold,63650,31,2021,990,1031,2,0,0,2120,77,7,7936,77
threshold,65669,32,2021,991,1030,2,0,0,4139,81,8,8192,81
threshold,67691,33,2021,989,1032,2,0,0,6161,87,9,8448,87
threshold,69709,34,2021,991,1030,2,0,0,8179,91,10,8704,91
threshold,71729,35,2021,991,1030,2,0,0,10199,95,11,8960,95
threshold,73747,36,2021,993,1028,2,0,0,12217,97,12,9216,97
threshold,75770,37,2021,990,1031,2,0,0,14240,102,13,9472,102
threshold,77793,38,2021,987,1034,2,0,0,16263,110,15,9728,110
threshold,79806,39,2021,994,1027,2,0,0,18276,111,17,9984,111
threshold,81831,40,2021,989,1032,2,0,0,20301,117,19,10240,117
threshold,83382,41,1555,525,1030,2,1,0,551,121,21,10496,121
threshold,84934,42,1555,527,1028,2,1,0,2103,123,23,10752,123
threshold,86954,43,2021,993,1028,1,0,0,1819,125,25,11008,125
threshold,88973,44,2021,994,1027,1,0,0,3838,126,27,11264,126
threshold,90993,45,2021,994,1027,1,0,0,5858,127,29,11520,127
threshold,93015,46,2021,992,1029,1,0,0,1753,130,31,11776,130
threshold,95036,47,2021,991,1030,1,0,0,3774,134,33,12032,134
threshold,97052,48,2021,995,1026,1,0,0,5790,134,35,12288,134
threshold,99073,49,2021,994,1027,1,0,0,167,135,38,12544,135
threshold,101093,50,2021,994,1027,1,0,0,1627,136,41,12800,136
threshold,103114,51,2021,993,1028,1,0,0,340,138,44,13056,138
threshold,105133,52,2021,994,1027,1,0,0,271,139,48,13312,139
threshold,107155,53,2021,992,1029,1,0,0,1677,142,52,13568,142
threshold,109172,54,2021,995,1026,1,0,0,1252,142,57,13824,142
threshold,111196,55,2021,991,1030,1,0,0,504,146,62,14080,146
threshold,113215,56,2021,992,1029,1,0,0,104,149,67,14336,149
threshold,115238,57,2021,989,1032,1,0,0,2127,155,72,14592,155
threshold,117256,58,2021,991,1030,2,0,0,15,159,77,14848,159
threshold,119276,59,2021,991,1030,1,0,0,426,163,83,15104,163
threshold,121296,60,2021,991,1030,1,0,0,1282,167,89,15360,167
threshold,123313,61,2021,994,1027,1,0,0,2,168,95,15616,168
threshold,124867,62,2021,994,1027,1,0,0,347,169,101,15872,169
threshold,126889,63,2021,992,1029,1,0,0,1661,172,107,16128,172
threshold,128913,64,2021,988,1033,1,0,0,148,179,112,16384,179
threshold,130927,65,2021,994,1027,1,0,0,1603,180,117,16640,180
threshold,132949,66,2021,992,1029,1,0,0,3625,183,122,16896,183
threshold,134967,67,2021,994,1027,1,0,0,144,184,127,17152,184
threshold,136989,68,2021,992,1029,1,0,0,1128,187,133,17408,187
threshold,139009,69,2021,992,1029,1,0,0,889,190,139,17664,190
threshold,141029,70,2021,992,1029,1,0,0,1528,193,145,17920,193
threshold,143049,71,2021,992,1029,1,0,0,0,196,151,18176,196
threshold,145068,72,2021,993,1028,1,0,0,376,198,157,18432,198
threshold,147088,73,2021,993,1028,1,0,0,2396,200,163,18688,200
threshold,149108,74,2021,993,1028,1,0,0,4416,202,169,18944,202
threshold,151128,75,2021,993,1028,1,0,0,401,204,175,19200,204
threshold,153148,76,2021,993,1028,1,0,0,1257,206,181,19456,206
threshold,155168,77,2021,993,1028,1,0,0,116,208,187,19712,208
threshold,157186,78,2021,995,1026,1,0,0,583,208,193,19968,208
threshold,159208,79,2021,993,1028,1,0,0,2605,210,199,20224,210
threshold,161228,80,2021,993,1028,1,0,0,4625,212,205,20480,212
threshold,163248,81,2021,993,1028,1,0,0,6645,214,211,20736,214
threshold,165267,82,2021,994,1027,2,0,0,16,215,217,20992,215
threshold,167288,83,2021,993,1028,1,0,0,1980,217,223,21248,217
threshold,169309,84,2021,992,1029,1,0,0,1239,220,229,21504,220
threshold,171327,85,2021,994,1027,1,0,0,3257,221,235,21760,221
threshold,173348,86,2021,993,1028,1,0,0,5278,223,241,22016,223
threshold,175367,87,2021,994,1027,1,0,0,7297,224,247,22272,224
threshold,177386,88,2021,995,1026,1,0,0,1707,224,253,22528,224
threshold,179407,89,2021,994,1027,1,0,0,3728,225,259,22784,225
threshold,181428,90,2021,993,1028,0,0,0,557,227,265,23040,227
threshold,183447,91,2021,994,1027,1,0,0,317,228,271,23296,228
threshold,185468,92,2021,993,1028,1,0,0,2338,230,278,23552,230
threshold,187487,93,2021,994,1027,1,0,0,4357,231,285,23808,231
threshold,189506,94,2021,995,1026,1,0,0,6376,231,292,24064,231
threshold,191530,95,2021,991,1030,1,0,0,8400,235,299,24320,235
threshold,193548,96,2021,993,1028,1,0,0,10418,237,306,24576,237
threshold,195568,97,2021,993,1028,1,0,0,12438,239,313,24832,239
threshold,197587,98,2021,994,1027,1,0,0,14457,240,320,25088,240
threshold,199607,99,2021,994,1027,1,0,0,16477,241,327,25344,241
threshold,201628,100,2021,993,1028,1,0,0,18498,243,334,25600,243
threshold,203647,101,2021,994,1027,1,0,0,20517,244,341,25856,244
threshold,205668,102,2021,993,1028,0,0,0,610,246,348,26112,246
threshold,207686,103,2021,995,1026,1,0,0,209,246,355,26368,246
threshold,209708,104,2021,993,1028,0,0,0,75,248,362,26624,248
threshold,211726,105,2021,995,1026,0,0,0,1876,248,369,26880,248
threshold,213747,106,2021,994,1027,0,0,0,3897,249,376,27136,249
threshold,215767,107,2021,994,1027,0,0,0,121,250,383,27392,250
threshold,217786,108,2021,995,1026,0,0,0,2140,250,390,27648,250
threshold,219808,109,2021,993,1028,1,0,0,260,252,397,27904,252
threshold,221832,110,2021,989,1032,0,0,0,618,258,404,28160,258
threshold,223846,111,2021,995,1026,0,0,0,2632,258,411,28416,258
threshold,225866,112,2021,995,1026,1,0,0,9,258,418,28672,258
threshold,227888,113,2021,993,1028,1,0,0,376,260,425,28928,260
threshold,229908,114,2021,993,1028,0,0,0,0,262,432,29184,262
threshold,231928,115,2021,993,1028,0,0,0,1073,264,439,29440,264
threshold,233947,116,2021,994,1027,0,0,0,308,265,446,29696,265
threshold,235967,117,2021,994,1027,0,0,0,218,266,453,29952,266
threshold,237988,118,2021,993,1028,0,0,0,265,268,460,30208,268
threshold,240008,119,2021,993,1028,1,0,0,334,270,467,30464,270
threshold,242026,120,2021,995,1026,0,0,0,698,270,474,30720,270
threshold,244047,121,2021,994,1027,1,0,0,1395,271,481,30976,271
threshold,246068,122,2021,993,1028,1,0,0,3416,273,488,31232,273
threshold,248087,123,2021,994,1027,1,0,0,5435,274,495,31488,274
threshold,250109,124,2021,992,1029,0,0,0,52,277,502,31744,277
threshold,252127,125,2021,994,1027,1,0,0,28,278,509,32000,278
threshold,254149,126,1555,526,1029,3,1,0,8,281,516,32256,281
threshold,256167,127,2021,994,1027,1,0,0,212,282,523,32512,282
threshold,258187,128,2021,994,1027,0,0,0,361,283,529,32768,283
threshold,260209,129,2021,992,1029,1,0,0,386,286,535,33024,286
threshold,262229,130,2021,992,1029,0,0,0,1607,289,541,33280,289
threshold,264247,131,2021,994,1027,0,0,0,3625,290,547,33536,290
threshold,266270,132,2021,991,1030,0,0,0,377,294,553,33792,294
threshold,268286,133,2021,995,1026,0,0,0,1492,294,559,34048,294
threshold,270307,134,2021,994,1027,0,0,0,3513,295,565,34304,295
threshold,272326,135,2021,995,1026,0,0,0,5532,295,571,34560,295
threshold,274348,136,2021,993,1028,0,0,0,7554,297,577,34816,297
threshold,276367,137,2021,994,1027,0,0,0,9573,298,583,35072,298
threshold,278387,138,2021,994,1027,0,0,0,11593,299,589,35328,299
threshold,280406,139,2021,995,1026,0,0,0,13612,299,595,35584,299
threshold,282426,140,2021,995,1026,0,0,0,458,299,601,35840,299
threshold,284447,141,2021,994,1027,0,0,0,2479,300,607,36096,300
threshold,286467,142,2021,994,1027,0,0,0,4499,301,613,36352,301
threshold,288486,143,2021,995,1026,0,0,0,6518,301,619,36608,301
threshold,290506,144,2021,995,1026,0,0,0,8538,301,625,36864,301
threshold,292526,145,2021,995,1026,0,0,0,10558,301,631,37120,301
threshold,294547,146,2021,994,1027,0,0,0,12579,302,637,37376,302
threshold,296567,147,2021,994,1027,0,0,0,14599,303,643,37632,303
threshold,298587,148,2021,994,1027,0,0,0,16619,304,649,37888,304
threshold,300607,149,2021,994,1027,0,0,0,18639,305,655,38144,305
threshold,302626,150,2021,995,1026,0,0,0,1696,305,661,38400,305
threshold,304648,151,2021,993,1028,0,0,0,3718,307,667,38656,307
threshold,306666,152,2021,995,1026,0,0,0,5736,307,673,38912,307
threshold,308688,153,2021,993,1028,0,0,0,855,309,679,39168,309
threshold,310708,154,2021,993,1028,2,0,0,11,311,685,39424,311
threshold,312480,155,2021,991,1030,0,0,0,232,315,691,39680,315
threshold,314498,156,2021,993,1028,0,0,0,1884,317,697,39936,317
threshold,316516,157,2021,995,1026,0,0,0,3902,317,703,40192,317
threshold,318539,158,2021,992,1029,0,0,0,5925,320,709,40448,320
threshold,320556,159,2021,995,1026,0,0,0,7942,320,715,40704,320
threshold,322576,160,1555,529,1026,3,1,0,116,320,721,40960,320
threshold,324600,161,2021,991,1030,0,0,0,1581,324,727,41216,324
threshold,326618,162,2021,993,1028,0,0,0,3599,326,733,41472,326
threshold,328636,163,2021,995,1026,0,0,0,5617,326,739,41728,326
threshold,330658,164,2021,993,1028,0,0,0,7639,328,745,41984,328
threshold,332676,165,2021,995,1026,0,0,0,9657,328,751,42240,328
threshold,334697,166,2021,994,1027,0,0,0,11678,329,757,42496,329
threshold,336718,167,2021,993,1028,1,0,0,111,331,762,42752,331
threshold,338742,168,2021,989,1032,0,0,0,104,337,767,43008,337
threshold,340757,169,2021,994,1027,0,0,0,2119,338,772,43264,338
threshold,342777,170,2021,994,1027,0,0,0,4139,339,777,43520,339
threshold,344426,171,2021,991,1030,0,0,0,357,343,782,43776,343
threshold,346444,172,2021,993,1028,0,0,0,1656,345,787,44032,345
threshold,348463,173,2021,994,1027,0,0,0,3675,346,792,44288,346
threshold,350482,174,2021,995,1026,0,0,0,5694,346,797,44544,346
threshold,352502,175,2021,995,1026,0,0,0,7714,346,802,44800,346
threshold,354522,176,2021,995,1026,0,0,0,9734,346,807,45056,346
threshold,356543,177,2021,994,1027,0,0,0,209,347,812,45312,347
threshold,358563,178,2021,994,1027,0,0,0,2229,348,817,45568,348
threshold,360582,179,2021,995,1026,0,0,0,1053,348,822,45824,348
threshold,362604,180,2021,993,1028,0,0,0,3075,350,827,46080,350
threshold,364624,181,2021,993,1028,0,0,0,5095,352,832,46336,352
threshold,366643,182,2021,994,1027,0,0,0,7114,353,837,46592,353
threshold,368664,183,2021,993,1028,0,0,0,921,355,842,46848,355
threshold,370683,184,2021,994,1027,1,0,0,247,356,847,47104,356
threshold,372704,185,2021,993,1028,0,0,0,945,358,852,47360,358
threshold,374722,186,2021,995,1026,0,0,0,2963,358,857,47616,358
threshold,376743,187,2021,994,1027,0,0,0,4984,359,862,47872,359
threshold,378306,188,2021,985,1036,0,0,0,500,369,866,48128,369
threshold,380320,189,2021,991,1030,0,0,0,2514,373,870,48384,373
threshold,382337,190,1555,528,1027,3,1,0,264,374,874,48640,374
threshold,383891,191,2021,994,1027,0,0,0,483,375,878,48896,375
threshold,385910,192,2021,995,1026,0,0,0,2502,375,882,49152,375
threshold,387930,193,2021,995,1026,0,0,0,4522,375,886,49408,375
threshold,389951,194,2021,994,1027,0,0,0,564,376,890,49664,376
threshold,391972,195,2021,993,1028,0,0,0,2585,378,894,49920,378
threshold,393991,196,2021,994,1027,0,0,0,372,379,898,50176,379
threshold,396011,197,2021,994,1027,0,0,0,2392,380,902,50432,380
threshold,398030,198,2021,995,1026,0,0,0,4411,380,906,50688,380
threshold,400051,199,2021,994,1027,0,0,0,6432,381,910,50944,381
threshold,402072,200,2021,993,1028,0,0,0,820,383,914,51200,383
threshold,404090,201,2021,995,1026,0,0,0,2838,383,918,51456,383
threshold,406110,202,2021,995,1026,0,0,0,4858,383,922,51712,383
threshold,408130,203,2021,995,1026,0,0,0,6878,383,926,51968,383
threshold,410150,204,2021,995,1026,0,0,0,8898,383,930,52224,383
threshold,412171,205,2021,994,1027,0,0,0,10919,384,934,52480,384
threshold,414190,206,2021,995,1026,0,0,0,12938,384,938,52736,384
threshold,416212,207,2021,993,1028,0,0,0,995,386,942,52992,386
threshold,418230,208,2021,995,1026,0,0,0,3013,386,946,53248,386
threshold,420251,209,2021,994,1027,0,0,0,5034,387,950,53504,387
threshold,422271,210,2021,994,1027,0,0,0,7054,388,954,53760,388
threshold,424290,211,2021,995,1026,0,0,0,9073,388,958,54016,388
threshold,426310,212,2021,995,1026,0,0,0,1235,388,962,54272,388
threshold,428332,213,2021,993,1028,0,0,0,3257,390,966,54528,390
threshold,430350,214,2021,995,1026,0,0,0,5275,390,970,54784,390
threshold,432370,215,2021,995,1026,0,0,0,7295,390,974,55040,390
threshold,434391,216,2021,994,1027,0,0,0,9316,391,978,55296,391
threshold,436414,217,2021,991,1030,1,0,0,33,395,981,55552,395
threshold,438430,218,2021,995,1026,0,0,0,2003,395,984,55808,395
threshold,440451,219,2021,994,1027,0,0,0,4024,396,987,56064,396
threshold,442473,220,2021,992,1029,0,0,0,672,399,990,56320,399
threshold,444491,221,2021,994,1027,0,0,0,2690,400,993,56576,400
threshold,446510,222,2021,995,1026,0,0,0,4709,400,996,56832,400
threshold,448530,223,2021,995,1026,0,0,0,6729,400,1000,57088,400
threshold,450550,224,2021,995,1026,0,0,0,8749,400,1004,57344,400
threshold,452570,225,2021,995,1026,0,0,0,980,400,1008,57600,400
threshold,454592,226,2021,993,1028,0,0,0,3002,402,1012,57856,402
threshold,456611,227,2021,994,1027,0,0,0,5021,403,1016,58112,403
threshold,458631,228,2021,994,1027,0,0,0,424,404,1020,58368,404
threshold,460650,229,2021,995,1026,0,0,0,1347,404,1024,58624,404
threshold,462674,230,2021,991,1030,0,0,0,359,408,1028,58880,408
threshold,464692,231,2021,993,1028,1,0,0,95,410,1032,59136,410
threshold,466714,232,2021,991,1030,1,0,0,41,414,1036,59392,414
threshold,468733,233,2021,992,1029,0,0,0,360,417,1040,59648,417
threshold,470750,234,2021,995,1026,0,0,0,2377,417,1044,59904,417
threshold,472770,235,2021,995,1026,0,0,0,4397,417,1048,60160,417
threshold,474790,236,2021,995,1026,0,0,0,6417,417,1052,60416,417
threshold,476810,237,2021,995,1026,0,0,0,8437,417,1056,60672,417
threshold,478831,238,2021,994,1027,0,0,0,10458,418,1060,60928,418
threshold,480851,239,2021,994,1027,1,0,0,53,419,1064,61184,419
threshold,482870,240,2021,995,1026,0,0,0,2015,419,1068,61440,419
threshold,484890,241,2021,995,1026,0,0,0,4035,419,1072,61696,419
threshold,486924,242,2021,981,1040,1,0,0,114,433,1076,61952,433
threshold,488944,243,2021,981,1040,0,0,0,1575,447,1080,62208,447
threshold,490954,244,2021,991,1030,0,0,0,3585,451,1084,62464,451
threshold,492970,245,2021,995,1026,0,0,0,5601,451,1088,62720,451
threshold,494991,246,2021,994,1027,0,0,0,7622,452,1092,62976,452
threshold,497010,247,2021,995,1026,0,0,0,9641,452,1096,63232,452
threshold,499031,248,2021,994,1027,0,0,0,11662,453,1100,63488,453
